phase,problem,algo,H,params,seed,keep_curve,best_val_loss,best_train_loss,cu_at_best,diverged,iterations,wall_seconds,scg_restarts_mu,initial_weight_sha1,split_sha1,test_loss,test_accuracy,test_macro_f1,test_r2,target_val_loss,cu_to_target,success,rho
phase3,C1,sgd,6,"(('B', 1), ('eta', 0.03))",1000,True,0.07229164965948841,0.009990370306306154,683.999999999523,False,1000,18.723715143991285,0,ba3fa330fa9bad17685cbde5aeaf26d36808d97e,054533cc01caecb9ab2e2250ff01f8f684143aeb,0.014945554397547571,1.0,1.0,,0.039608082170334256,3000.0,False,7.236133140515946
phase3,C1,sgd,6,"(('B', 1), ('eta', 0.03))",1001,True,0.038408713256856325,0.012130050606887648,1097.9999999991464,False,1000,18.892389921005815,0,ade6a217931166b552b75f0f11559b497efa05b9,03e1f87531d3968fa47a02fb77068f84b70a61f9,0.012762504274143556,1.0,1.0,,0.039608082170334256,1049.99999999919,True,3.1664099764799998
phase3,C1,sgd,6,"(('B', 1), ('eta', 0.03))",1002,True,0.018427971117360657,0.022950895830734647,1181.99999999907,False,1000,18.660100208988297,0,6a51bef660a5ac6bfc4067e4d6267c539ab15425,3d7cd0f568e31e2d841a95a7add07ffbc72d0fb9,0.03819114615721888,0.97,0.96999699969997,,0.039608082170334256,437.99999999974665,True,0.8029303628611688
phase3,C1,sgd,6,"(('B', 1), ('eta', 0.03))",1003,True,0.0398013452618568,0.02423697086012719,383.99999999979576,False,1000,19.02694637599052,0,1e28bca5865fb86042dbf372ab97d4364142e45d,b777881571afaf88fa5690f26f6ed067691df87f,0.024377592501282384,0.99,0.9899989998999901,,0.039608082170334256,3000.0,False,1.6421749026127244
phase3,C1,sgd,6,"(('B', 1), ('eta', 0.03))",1004,True,0.012569451973055715,0.043660167819530596,2160.000000000727,False,1000,18.93547326499538,0,56c8b8d4d3a0c593aa2d9dd432fed2259b4503f3,c1f0ac586cdaa9cdd1aed94c105cfd71bf351c3d,0.07470129076071519,0.96,0.96,,0.039608082170334256,353.99999999982305,True,0.2878928918691191
phase3,C1,sgd,6,"(('B', 1), ('eta', 0.03))",1005,True,0.012854811144373928,0.033087555496486176,2952.000000018015,False,1000,18.743538611000986,0,f5a7c25a267ed8119418712aff2145b808654bf6,094f974fbc0a912fa1ba7f80a6bd2b5a683ac37c,0.13439092564982355,0.94,0.9399759903961584,,0.039608082170334256,338.9999999998367,True,0.3885089409442496
phase3,C1,sgd,6,"(('B', 1), ('eta', 0.03))",1006,True,0.04709833778369925,0.02270888295711082,497.9999999996921,False,1000,19.02409981501114,0,5c437fab80d30351fe71077629919013f69f9037,c3da5fe14a8eb66f5768b62f198680f5e3dd7609,0.02267071386615465,1.0,1.0,,0.039608082170334256,3000.0,False,2.0740050434295525
phase3,C1,sgd,6,"(('B', 1), ('eta', 0.03))",1007,True,0.06385411466724737,0.025564967169105716,389.9999999997903,False,1000,18.65211504000763,0,25c0fc9bd38e3eb7871fb09569b61b55eb56c75a,813be932576847425a9105d70c2daee1c72e168c,0.024673683470399114,1.0,1.0,,0.039608082170334256,3000.0,False,2.4977194081599534
phase3,C1,sgd,6,"(('B', 1), ('eta', 0.03))",1008,True,0.05359082412180289,0.025812920735698387,437.99999999974665,False,1000,18.90299839799991,0,4071ec3a083944ee6955d1158aaa8ca90737ad7f,a439a1d01a0d1024aa854c7989cd5d68daa8b046,0.033721015628632216,0.98,0.98,,0.039608082170334256,3000.0,False,2.07612399505371
phase3,C1,sgd,6,"(('B', 1), ('eta', 0.03))",1009,True,0.022152373610281453,0.013953471466500798,2448.0000000070136,False,1000,19.00972389400704,0,b247ec61978d960412555e3ebb3d3ce142903595,1292198c54321c0c55d0fa6c08ee704d7a7eac10,0.02275716272682676,0.99,0.9899989998999901,,0.039608082170334256,410.9999999997712,True,1.5875886988742842
phase3,C1,sgd,6,"(('B', 1), ('eta', 0.03))",1010,True,0.012078276559237459,0.021891964235775996,752.9999999994602,False,1000,18.66483385799802,0,de374b6e86980bf4f553b3bf20deaee18db5aa2e,6c9eee5c6b87fc86c7bbc1e0692ea86061ed4ebf,0.019301752524293937,1.0,1.0,,0.039608082170334256,173.99999999998673,True,0.5517219208452322
phase3,C1,sgd,6,"(('B', 1), ('eta', 0.03))",1011,True,0.04527936000887379,0.00868682260662648,1001.9999999992338,False,1000,18.55033508798806,0,34ee52865d95922acc1de381916d8c005d7e8093,11e0661ade191bee50e3ccaab090dbe683b8a716,0.01862751759475496,0.99,0.9899989998999901,,0.039608082170334256,3000.0,False,5.21241909260744
phase3,C1,sgd,6,"(('B', 1), ('eta', 0.03))",1012,True,0.008431285183467035,0.020374255916326505,1769.9999999985353,False,1000,18.521733141998993,0,737b525bed0b064d628567225cdd6267d3b70c86,c0039bbfb4fff0c55d19757bc5256556b52b3a54,0.018441479543099548,0.99,0.9899989998999901,,0.039608082170334256,257.99999999991036,True,0.41382052027287985
phase3,C1,sgd,6,"(('B', 1), ('eta', 0.03))",1013,True,0.044616436278151636,0.03335246219545251,395.99999999978485,False,1000,18.35673910699552,0,65d2ea048df6e2e5280f715416e753264f3acd9c,a033ad3f81202343dab9f1df34c2d97355253778,0.0461196037447208,0.99,0.9899989998999901,,0.039608082170334256,3000.0,False,1.3377254133949645
phase3,C1,sgd,6,"(('B', 1), ('eta', 0.03))",1014,True,0.09410568858367961,0.026720141204138025,254.99999999991306,False,1000,18.989537162007764,0,af60e499b5f4468f888c79fca7d4412ab16da868,9550364aac4713bb25824103526ffd4ca7ff3245,0.04827292878009848,1.0,1.0,,0.039608082170334256,3000.0,False,3.5219008711340902
phase3,C1,sgd,6,"(('B', 1), ('eta', 0.03))",1015,True,0.01043561050460124,0.02058259831165305,2253.000000002757,False,1000,18.331079354989924,0,59b3e58d1448ec96238c78900128102acbb749d5,2b44e3c799eac33ff534138ce9daa2ebeef53304,0.016963230483976136,0.99,0.9899989998999901,,0.039608082170334256,153.00000000000583,True,0.5070113280446722
phase3,C1,sgd,6,"(('B', 1), ('eta', 0.03))",1016,True,0.023928804399297742,0.019683976917202937,2172.000000000989,False,1000,19.66112286801217,0,2d16a4b6983833baf10e19998b23bf70070f22a1,b17a4a9fb862f7c3a28e078c8e5ac300a65186a2,0.060660069908987244,0.99,0.9899989998999901,,0.039608082170334256,392.9999999997876,True,1.2156488752222123
phase3,C1,sgd,6,"(('B', 1), ('eta', 0.03))",1017,True,0.0372810272286304,0.021653497517480948,548.9999999996458,False,1000,18.948768362010014,0,8453ed46f86e99fd95a4bbecaa5a5df97cd5b569,b0acb36a764d21bafb3b4f60fadb679fe0d0be47,0.021226790741445182,0.99,0.9899989998999901,,0.039608082170334256,548.9999999996458,True,1.7217092619117669
phase3,C1,sgd,6,"(('B', 1), ('eta', 0.03))",1018,True,0.03412928590289686,0.01350495344879177,1565.9999999987208,False,1000,21.594130302997655,0,f30f9f3019525d0676cff34ba615f30534406da0,d11e2595c925b2730daa2238b0fd861fc6362dae,0.031829098243633204,0.99,0.9899989998999901,,0.039608082170334256,419.999999999763,True,2.527167978202121
phase3,C1,sgd,6,"(('B', 1), ('eta', 0.03))",1019,True,0.03738875726153787,0.06761829070355083,2589.0000000100913,False,1000,21.677656633008155,0,f1f185adc3425e8284cb2021738bf0ca862f8fce,a04879785928fa1b41d540e8bc56f54a929d7a35,0.0862289948025763,0.95,0.949874686716792,,0.039608082170334256,1091.999999999152,True,0.5529385151934118
phase3,C1,sgd,6,"(('B', 1), ('eta', 0.03))",1020,True,0.04062575059589477,0.020176302489313826,755.9999999994575,False,1000,21.132856291005737,0,ba33fff09d5c66d6589b8c0fa272d49c8b30d502,71199317c6b9aa9719292d25e45b7a5072cdc16e,0.01935407313280453,0.99,0.9899989998999901,,0.039608082170334256,3000.0,False,2.0135379422176976
phase3,C1,sgd,6,"(('B', 1), ('eta', 0.03))",1021,True,0.013171322422432057,0.017853284825230832,1298.9999999989636,False,1000,22.098947243997827,0,8c30b8ba485f607b83efdb4ce3982ff2e704c260,0483e7b03a680c249e861dda5ecdefdfdf683440,0.018159739858923114,0.99,0.9899989998999901,,0.039608082170334256,266.9999999999022,True,0.7377534471313606
phase3,C1,sgd,6,"(('B', 1), ('eta', 0.03))",1022,True,0.06523050100092766,0.02682334299945652,293.9999999998776,False,1000,21.13008498599811,0,252a4241362fde711aeb2d4d1e6f98f0056f24b6,df586ea65d19e0e1a4baff5c775a7dff3c631ac3,0.03648096306409289,0.99,0.9899989998999901,,0.039608082170334256,3000.0,False,2.431855753484915
phase3,C1,sgd,6,"(('B', 1), ('eta', 0.03))",1023,True,0.03342906758149631,0.010471123915325904,2862.0000000160503,False,1000,22.996213635007734,0,fc99202e37c89d9d573689fc79659988b9a77795,7fca0de94515493b82530a933bad03711598625b,0.011955417904655055,0.99,0.9899989998999901,,0.039608082170334256,641.9999999995612,True,3.1925004280169347
phase3,C1,sgd,6,"(('B', 1), ('eta', 0.03))",1024,True,0.05329493640518662,0.03920473939229261,1340.9999999989254,False,1000,25.338745143002598,0,97a065f36e92e059f437a2a4f03b745d88f41f64,349f6042d49b96804b056cd9d813e9f43e971901,0.025867477971054143,0.99,0.9899989998999901,,0.039608082170334256,3000.0,False,1.359400348817624
phase3,C1,sgd,6,"(('B', 1), ('eta', 0.03))",1025,True,0.025540946572533554,0.04981646635158272,2093.9999999992865,False,1000,22.248608215988497,0,1d255109928a96d5464c327659face623629f616,b3bf6f098c45545a6cbcd1df15f00f92f1e0039f,0.06329150531657483,0.97,0.9699729756781104,,0.039608082170334256,1058.999999999182,True,0.5127008887438298
phase3,C1,sgd,6,"(('B', 1), ('eta', 0.03))",1026,True,0.02434615185150429,0.019508050273680962,2793.000000014544,False,1000,23.11391576199094,0,d237431fa57048f3904701b718907108143990e9,d128e19e14155e3878a96d685f5728f38149f0c3,0.023446079454196876,0.99,0.9899989998999901,,0.039608082170334256,428.99999999975483,True,1.2480053880295046
phase3,C1,sgd,6,"(('B', 1), ('eta', 0.03))",1027,True,0.0458924418606879,0.04774500054385795,809.9999999994084,False,1000,25.312846824002918,0,2c5137ec2915e9b7bfa1664e5deb146e471c0f83,4d2176b3adeef33f39b27a86fb935eda0903a9eb,0.02763822489393786,1.0,1.0,,0.039608082170334256,3000.0,False,0.9611988970139751
phase3,C1,sgd,6,"(('B', 1), ('eta', 0.03))",1028,True,0.01242622590015916,0.020851402528280664,1301.999999998961,False,1000,23.536444317011046,0,f318d9da75733dc1cdab0874b938a094c1b27c82,6004c66ff7d756906a14536b8d5a444163efd0f7,0.023037375354232555,0.99,0.9899989998999901,,0.039608082170334256,239.9999999999267,True,0.5959419700092368
phase3,C1,sgd,6,"(('B', 1), ('eta', 0.03))",1029,True,0.08639923952025769,0.020651406091003643,512.9999999996785,False,1000,24.393610853992868,0,54bb845183ae34e0aba3239a5603f077cfcab0f0,9020505081a2d0f8d1291d3e3ebaf962f8287725,0.03140101375473431,0.99,0.9899989998999901,,0.039608082170334256,3000.0,False,4.183697668794365
phase3,C1,scg,6,"(('lambda_0', 1e-07), ('sigma', 1e-06))",1000,True,0.06242694318801045,0.011564156734242662,313.0,False,430,0.21675373800098896,0,ba3fa330fa9bad17685cbde5aeaf26d36808d97e,054533cc01caecb9ab2e2250ff01f8f684143aeb,0.019876671092663563,0.99,0.9899989998999901,,0.039608082170334256,3000.0,False,5.3983134804077695
phase3,C1,scg,6,"(('lambda_0', 1e-07), ('sigma', 1e-06))",1001,True,0.04859683594916779,0.0167379222823876,243.0,False,430,0.3060044409940019,0,ade6a217931166b552b75f0f11559b497efa05b9,03e1f87531d3968fa47a02fb77068f84b70a61f9,0.02076719013925326,1.0,1.0,,0.039608082170334256,3000.0,False,2.9033971558288076
phase3,C1,scg,6,"(('lambda_0', 1e-07), ('sigma', 1e-06))",1002,True,0.013843527527159694,0.007315151807575372,1418.0,False,429,0.35769127200182993,0,6a51bef660a5ac6bfc4067e4d6267c539ab15425,3d7cd0f568e31e2d841a95a7add07ffbc72d0fb9,0.08074621696145638,0.98,0.9799919967987194,,0.039608082170334256,466.0,True,1.892445692353741
phase3,C1,scg,6,"(('lambda_0', 1e-07), ('sigma', 1e-06))",1003,True,0.038721725751597824,0.018501868447980387,368.0,False,429,0.2848366249963874,0,1e28bca5865fb86042dbf372ab97d4364142e45d,b777881571afaf88fa5690f26f6ed067691df87f,0.0273669327239462,0.99,0.9899989998999901,,0.039608082170334256,368.0,True,2.0928548843846406
phase3,C1,scg,6,"(('lambda_0', 1e-07), ('sigma', 1e-06))",1004,True,0.012347912867739029,0.029026804966747165,357.0,False,429,0.2081217749946518,1,56c8b8d4d3a0c593aa2d9dd432fed2259b4503f3,c1f0ac586cdaa9cdd1aed94c105cfd71bf351c3d,0.023261342184373986,0.99,0.9899989998999901,,0.039608082170334256,245.0,True,0.42539690061943375
phase3,C1,scg,6,"(('lambda_0', 1e-07), ('sigma', 1e-06))",1005,True,0.008036538688727335,0.0034020664300427844,2209.0,False,429,0.20928163798816968,1,f5a7c25a267ed8119418712aff2145b808654bf6,094f974fbc0a912fa1ba7f80a6bd2b5a683ac37c,0.09898499790119246,0.98,0.98,,0.039608082170334256,375.0,True,2.3622521352783425
phase3,C1,scg,6,"(('lambda_0', 1e-07), ('sigma', 1e-06))",1006,True,0.05629600735755446,0.012620422891436158,623.0,False,429,0.30927474101190455,1,5c437fab80d30351fe71077629919013f69f9037,c3da5fe14a8eb66f5768b62f198680f5e3dd7609,0.014328468034633206,1.0,1.0,,0.039608082170334256,3000.0,False,4.460706890872512
phase3,C1,scg,6,"(('lambda_0', 1e-07), ('sigma', 1e-06))",1007,True,0.035006180743941025,0.01793391739242003,396.0,False,429,0.29904261699994095,0,25c0fc9bd38e3eb7871fb09569b61b55eb56c75a,813be932576847425a9105d70c2daee1c72e168c,0.0399746296967983,0.99,0.9899989998999901,,0.039608082170334256,396.0,True,1.951953941682411
phase3,C1,scg,6,"(('lambda_0', 1e-07), ('sigma', 1e-06))",1008,True,0.05118660201058953,0.025145169978118134,237.0,False,431,0.28731421699922066,0,4071ec3a083944ee6955d1158aaa8ca90737ad7f,a439a1d01a0d1024aa854c7989cd5d68daa8b046,0.02509974485424065,1.0,1.0,,0.039608082170334256,3000.0,False,2.0356435074860584
phase3,C1,scg,6,"(('lambda_0', 1e-07), ('sigma', 1e-06))",1009,True,0.02985606382077983,0.018366043217357002,668.0,False,429,0.28944634400249925,0,b247ec61978d960412555e3ebb3d3ce142903595,1292198c54321c0c55d0fa6c08ee704d7a7eac10,0.017632573811788396,1.0,1.0,,0.039608082170334256,598.0,True,1.6256121946051
phase3,C1,scg,6,"(('lambda_0', 1e-07), ('sigma', 1e-06))",1010,True,0.012309636297738877,0.024853283374520866,886.0,False,429,0.38091735100897495,0,de374b6e86980bf4f553b3bf20deaee18db5aa2e,6c9eee5c6b87fc86c7bbc1e0692ea86061ed4ebf,0.028612684831398404,0.99,0.9899989998999901,,0.039608082170334256,417.0,True,0.4952921556577306
phase3,C1,scg,6,"(('lambda_0', 1e-07), ('sigma', 1e-06))",1011,True,0.05317628876871141,0.006495304093904313,404.0,False,430,0.3237831449951045,0,34ee52865d95922acc1de381916d8c005d7e8093,11e0661ade191bee50e3ccaab090dbe683b8a716,0.01755625595270374,0.99,0.9899989998999901,,0.039608082170334256,3000.0,False,8.186882092035704
phase3,C1,scg,6,"(('lambda_0', 1e-07), ('sigma', 1e-06))",1012,True,0.013454392501122283,0.005083465945480406,1275.0,False,430,0.3650029609998455,1,737b525bed0b064d628567225cdd6267d3b70c86,c0039bbfb4fff0c55d19757bc5256556b52b3a54,0.1187184248374837,0.97,0.96999699969997,,0.039608082170334256,197.0,True,2.6466966918671457
phase3,C1,scg,6,"(('lambda_0', 1e-07), ('sigma', 1e-06))",1013,True,0.05521279033491531,0.012919899217232078,475.0,False,431,0.3474158739991253,0,65d2ea048df6e2e5280f715416e753264f3acd9c,a033ad3f81202343dab9f1df34c2d97355253778,0.029365776563305978,0.99,0.9899989998999901,,0.039608082170334256,3000.0,False,4.273469119733887
phase3,C1,scg,6,"(('lambda_0', 1e-07), ('sigma', 1e-06))",1014,True,0.0713113056038176,0.010195063404906642,319.0,False,429,0.2595792380016064,0,af60e499b5f4468f888c79fca7d4412ab16da868,9550364aac4713bb25824103526ffd4ca7ff3245,0.01837978909441824,0.99,0.9899989998999901,,0.039608082170334256,3000.0,False,6.994689760290962
phase3,C1,scg,6,"(('lambda_0', 1e-07), ('sigma', 1e-06))",1015,True,0.019823626670622808,0.026537782203397604,285.0,False,430,0.2525527219986543,0,59b3e58d1448ec96238c78900128102acbb749d5,2b44e3c799eac33ff534138ce9daa2ebeef53304,0.024512709399362276,0.99,0.9899989998999901,,0.039608082170334256,187.0,True,0.7469963585760686
phase3,C1,scg,6,"(('lambda_0', 1e-07), ('sigma', 1e-06))",1016,True,0.04138139511469504,0.03304701669251547,397.0,False,430,0.3642377760115778,0,2d16a4b6983833baf10e19998b23bf70070f22a1,b17a4a9fb862f7c3a28e078c8e5ac300a65186a2,0.02315904120102434,1.0,1.0,,0.039608082170334256,3000.0,False,1.2521976037875502
phase3,C1,scg,6,"(('lambda_0', 1e-07), ('sigma', 1e-06))",1017,True,0.04862048690717944,0.017656681466511972,340.0,False,429,0.29973291300120763,3,8453ed46f86e99fd95a4bbecaa5a5df97cd5b569,b0acb36a764d21bafb3b4f60fadb679fe0d0be47,0.026565888322280674,0.99,0.9899989998999901,,0.039608082170334256,3000.0,False,2.753659400799299
phase3,C1,scg,6,"(('lambda_0', 1e-07), ('sigma', 1e-06))",1018,True,0.024961885102124177,0.016399987810813352,487.0,False,429,0.1986223540006904,0,f30f9f3019525d0676cff34ba615f30534406da0,d11e2595c925b2730daa2238b0fd861fc6362dae,0.028086131263577903,0.99,0.9899989998999901,,0.039608082170334256,207.0,True,1.522067296029667
phase3,C1,scg,6,"(('lambda_0', 1e-07), ('sigma', 1e-06))",1019,True,0.03963793099788585,0.013753828621005765,1264.0,False,429,0.23089196599903516,0,f1f185adc3425e8284cb2021738bf0ca862f8fce,a04879785928fa1b41d540e8bc56f54a929d7a35,0.017068118097674553,0.99,0.9899989998999901,,0.039608082170334256,3000.0,False,2.881956151274719
phase3,C1,scg,6,"(('lambda_0', 1e-07), ('sigma', 1e-06))",1020,True,0.03957823334278266,0.03107506968257036,398.0,False,431,0.21327237600053195,1,ba33fff09d5c66d6589b8c0fa272d49c8b30d502,71199317c6b9aa9719292d25e45b7a5072cdc16e,0.028613710084126765,1.0,1.0,,0.039608082170334256,398.0,True,1.273632971609445
phase3,C1,scg,6,"(('lambda_0', 1e-07), ('sigma', 1e-06))",1021,True,0.018113591205913885,0.0076406272272516625,832.0,False,428,0.22641079299501143,1,8c30b8ba485f607b83efdb4ce3982ff2e704c260,0483e7b03a680c249e861dda5ecdefdfdf683440,0.06877884433995458,0.98,0.98,,0.039608082170334256,209.0,True,2.3706942724948714
phase3,C1,scg,6,"(('lambda_0', 1e-07), ('sigma', 1e-06))",1022,True,0.08055674794577408,0.06591547128466813,193.0,False,429,0.294688698995742,0,252a4241362fde711aeb2d4d1e6f98f0056f24b6,df586ea65d19e0e1a4baff5c775a7dff3c631ac3,0.0766918676728508,0.96,0.9599358974358975,,0.039608082170334256,3000.0,False,1.222122005285753
phase3,C1,scg,6,"(('lambda_0', 1e-07), ('sigma', 1e-06))",1023,True,0.05106569399475292,0.01652434205357612,319.0,False,429,0.23567292200459633,2,fc99202e37c89d9d573689fc79659988b9a77795,7fca0de94515493b82530a933bad03711598625b,0.02455215653073883,1.0,1.0,,0.039608082170334256,3000.0,False,3.090331453390698
phase3,C1,scg,6,"(('lambda_0', 1e-07), ('sigma', 1e-06))",1024,True,0.044591542741008065,0.009043713839426658,885.0,False,429,0.3166605230071582,0,97a065f36e92e059f437a2a4f03b745d88f41f64,349f6042d49b96804b056cd9d813e9f43e971901,0.008705663398368924,1.0,1.0,,0.039608082170334256,3000.0,False,4.930667149883528
phase3,C1,scg,6,"(('lambda_0', 1e-07), ('sigma', 1e-06))",1025,True,0.007803907365761994,0.023982655895678075,2939.0,False,431,0.21782472799532115,0,1d255109928a96d5464c327659face623629f616,b3bf6f098c45545a6cbcd1df15f00f92f1e0039f,0.009199864874125784,1.0,1.0,,0.039608082170334256,348.0,True,0.32539796258213166
phase3,C1,scg,6,"(('lambda_0', 1e-07), ('sigma', 1e-06))",1026,True,0.006245787080787522,0.013376174540877818,816.0,False,429,0.20930764300283045,0,d237431fa57048f3904701b718907108143990e9,d128e19e14155e3878a96d685f5728f38149f0c3,0.01141144073439857,0.99,0.9899989998999901,,0.039608082170334256,165.0,True,0.46693373069410016
phase3,C1,scg,6,"(('lambda_0', 1e-07), ('sigma', 1e-06))",1027,True,0.055497480093258895,0.04541244131475865,300.0,False,431,0.30722702700586524,0,2c5137ec2915e9b7bfa1664e5deb146e471c0f83,4d2176b3adeef33f39b27a86fb935eda0903a9eb,0.04355437371914556,1.0,1.0,,0.039608082170334256,3000.0,False,1.2220765606631832
phase3,C1,scg,6,"(('lambda_0', 1e-07), ('sigma', 1e-06))",1028,True,0.014011907262231796,0.01878531044825352,416.0,False,429,0.39209447499888483,0,f318d9da75733dc1cdab0874b938a094c1b27c82,6004c66ff7d756906a14536b8d5a444163efd0f7,0.01911163142994931,0.99,0.9899989998999901,,0.039608082170334256,276.0,True,0.7458970295342917
phase3,C1,scg,6,"(('lambda_0', 1e-07), ('sigma', 1e-06))",1029,True,0.08361622698319128,0.0034982804473765953,1244.0,False,430,0.24898918200051412,0,54bb845183ae34e0aba3239a5603f077cfcab0f0,9020505081a2d0f8d1291d3e3ebaf962f8287725,0.012939294080211453,1.0,1.0,,0.039608082170334256,3000.0,False,23.902093683168296
phase3,C1,leapfrog,6,"(('delta', 1.0), ('dt0', 0.5))",1000,True,0.038737183754095496,0.01251094683750719,303.0,False,311,0.08130464400164783,0,ba3fa330fa9bad17685cbde5aeaf26d36808d97e,054533cc01caecb9ab2e2250ff01f8f684143aeb,0.02117624160354037,0.99,0.9899989998999901,,0.039608082170334256,303.0,True,3.0962631571547696
phase3,C1,leapfrog,6,"(('delta', 1.0), ('dt0', 0.5))",1001,True,0.037756216991083315,0.015897014929771056,228.0,False,767,0.23774077599227894,0,ade6a217931166b552b75f0f11559b497efa05b9,03e1f87531d3968fa47a02fb77068f84b70a61f9,0.02227887752325475,0.99,0.9899989998999901,,0.039608082170334256,228.0,True,2.3750507348631564
phase3,C1,leapfrog,6,"(('delta', 1.0), ('dt0', 0.5))",1002,True,0.06399596879628863,0.02791569235832233,345.0,False,999,0.353298824004014,0,6a51bef660a5ac6bfc4067e4d6267c539ab15425,3d7cd0f568e31e2d841a95a7add07ffbc72d0fb9,0.031440959977909966,0.99,0.9899989998999901,,0.039608082170334256,3000.0,False,2.292472920780341
phase3,C1,leapfrog,6,"(('delta', 1.0), ('dt0', 0.5))",1003,True,0.03182166839485495,0.08652200730245987,1056.0,False,816,0.22325149200332817,0,1e28bca5865fb86042dbf372ab97d4364142e45d,b777881571afaf88fa5690f26f6ed067691df87f,0.14434280934064106,0.96,0.9599358974358975,,0.039608082170334256,1056.0,True,0.367786987229898
phase3,C1,leapfrog,6,"(('delta', 1.0), ('dt0', 0.5))",1004,True,0.006690790177629644,0.02755016252818903,243.0,False,999,0.5290221799950814,0,56c8b8d4d3a0c593aa2d9dd432fed2259b4503f3,c1f0ac586cdaa9cdd1aed94c105cfd71bf351c3d,0.01813484060118278,1.0,1.0,,0.039608082170334256,174.0,True,0.24285846483786436
phase3,C1,leapfrog,6,"(('delta', 1.0), ('dt0', 0.5))",1005,True,0.0011044307886657622,0.20647338632238246,2727.0,False,999,0.3047951290063793,0,f5a7c25a267ed8119418712aff2145b808654bf6,094f974fbc0a912fa1ba7f80a6bd2b5a683ac37c,0.5784748819390184,0.95,0.949874686716792,,0.039608082170334256,246.0,True,0.005349022497947175
phase3,C1,leapfrog,6,"(('delta', 1.0), ('dt0', 0.5))",1006,True,0.08924164621411176,0.02810596689324062,246.0,False,545,0.23231602700252552,0,5c437fab80d30351fe71077629919013f69f9037,c3da5fe14a8eb66f5768b62f198680f5e3dd7609,0.05011757561427364,0.98,0.98,,0.039608082170334256,3000.0,False,3.175185061346317
phase3,C1,leapfrog,6,"(('delta', 1.0), ('dt0', 0.5))",1007,True,0.05946624779611223,0.015992935551542947,228.0,False,336,0.10309756400238257,0,25c0fc9bd38e3eb7871fb09569b61b55eb56c75a,813be932576847425a9105d70c2daee1c72e168c,0.021307348681087888,0.99,0.9899989998999901,,0.039608082170334256,3000.0,False,3.7182822130722037
phase3,C1,leapfrog,6,"(('delta', 1.0), ('dt0', 0.5))",1008,True,0.0689850691520994,0.014219721493667757,663.0,False,632,0.1820468770019943,0,4071ec3a083944ee6955d1158aaa8ca90737ad7f,a439a1d01a0d1024aa854c7989cd5d68daa8b046,0.03942231919886714,0.99,0.9899989998999901,,0.039608082170334256,3000.0,False,4.851365702402781
phase3,C1,leapfrog,6,"(('delta', 1.0), ('dt0', 0.5))",1009,True,0.018459229425158322,0.011347104822622139,879.0,False,999,0.3199456709990045,0,b247ec61978d960412555e3ebb3d3ce142903595,1292198c54321c0c55d0fa6c08ee704d7a7eac10,0.014784408414654322,0.99,0.9899989998999901,,0.039608082170334256,507.0,True,1.6267787875156583
phase3,C1,leapfrog,6,"(('delta', 1.0), ('dt0', 0.5))",1010,True,0.0007302402383309814,0.01894229471543572,2538.0,False,999,0.28731180699833203,0,de374b6e86980bf4f553b3bf20deaee18db5aa2e,6c9eee5c6b87fc86c7bbc1e0692ea86061ed4ebf,0.10625389764475102,0.99,0.9899989998999901,,0.039608082170334256,195.0,True,0.038550780108807116
phase3,C1,leapfrog,6,"(('delta', 1.0), ('dt0', 0.5))",1011,True,0.05868745494503963,0.008326913382627246,216.0,False,319,0.13124739300110377,0,34ee52865d95922acc1de381916d8c005d7e8093,11e0661ade191bee50e3ccaab090dbe683b8a716,0.02270515180419873,0.99,0.9899989998999901,,0.039608082170334256,3000.0,False,7.047924272573975
phase3,C1,leapfrog,6,"(('delta', 1.0), ('dt0', 0.5))",1012,True,0.0026462481340377366,0.016132154400262277,2172.0,False,999,0.26656835300673265,0,737b525bed0b064d628567225cdd6267d3b70c86,c0039bbfb4fff0c55d19757bc5256556b52b3a54,0.012923379303782295,0.99,0.9899989998999901,,0.039608082170334256,252.0,True,0.1640356314711886
phase3,C1,leapfrog,6,"(('delta', 1.0), ('dt0', 0.5))",1013,True,0.041322307374718814,0.010628716772323445,270.0,False,521,0.19236615700356197,0,65d2ea048df6e2e5280f715416e753264f3acd9c,a033ad3f81202343dab9f1df34c2d97355253778,0.024051185590591065,0.99,0.9899989998999901,,0.039608082170334256,3000.0,False,3.8877983353851033
phase3,C1,leapfrog,6,"(('delta', 1.0), ('dt0', 0.5))",1014,True,0.03411142290587229,0.013408228919650317,210.0,False,999,0.4920241190120578,0,af60e499b5f4468f888c79fca7d4412ab16da868,9550364aac4713bb25824103526ffd4ca7ff3245,0.01725111343544619,0.99,0.9899989998999901,,0.039608082170334256,195.0,True,2.544066267833523
phase3,C1,leapfrog,6,"(('delta', 1.0), ('dt0', 0.5))",1015,True,0.016020667202697163,0.009856343446603242,447.0,False,838,0.22851032800099347,0,59b3e58d1448ec96238c78900128102acbb749d5,2b44e3c799eac33ff534138ce9daa2ebeef53304,0.07449366658376337,0.97,0.96999699969997,,0.039608082170334256,180.0,True,1.6254168992273001
phase3,C1,leapfrog,6,"(('delta', 1.0), ('dt0', 0.5))",1016,True,0.033866683789351516,0.04515298116938878,189.0,False,450,0.15421484899707139,0,2d16a4b6983833baf10e19998b23bf70070f22a1,b17a4a9fb862f7c3a28e078c8e5ac300a65186a2,0.04335030482754647,1.0,1.0,,0.039608082170334256,189.0,True,0.7500431402813166
phase3,C1,leapfrog,6,"(('delta', 1.0), ('dt0', 0.5))",1017,True,0.04563921864515066,0.014902957313108178,351.0,False,545,0.18561185800353996,0,8453ed46f86e99fd95a4bbecaa5a5df97cd5b569,b0acb36a764d21bafb3b4f60fadb679fe0d0be47,0.02721091156062273,0.99,0.9899989998999901,,0.039608082170334256,3000.0,False,3.062426985884729
phase3,C1,leapfrog,6,"(('delta', 1.0), ('dt0', 0.5))",1018,True,0.01855060918894934,0.03211291960857711,204.0,False,586,0.19104074100323487,0,f30f9f3019525d0676cff34ba615f30534406da0,d11e2595c925b2730daa2238b0fd861fc6362dae,0.03512328521825365,0.99,0.9899989998999901,,0.039608082170334256,192.0,True,0.5776680979201474
phase3,C1,leapfrog,6,"(('delta', 1.0), ('dt0', 0.5))",1019,True,0.01975084274780113,0.02591129182813227,270.0,False,698,0.22874165899702348,0,f1f185adc3425e8284cb2021738bf0ca862f8fce,a04879785928fa1b41d540e8bc56f54a929d7a35,0.052224035458122556,0.99,0.9899989998999901,,0.039608082170334256,252.0,True,0.762248477567504
phase3,C1,leapfrog,6,"(('delta', 1.0), ('dt0', 0.5))",1020,True,0.04051572308689599,0.017434207333666154,423.0,False,471,0.15492110699415207,0,ba33fff09d5c66d6589b8c0fa272d49c8b30d502,71199317c6b9aa9719292d25e45b7a5072cdc16e,0.023420666053778617,1.0,1.0,,0.039608082170334256,3000.0,False,2.3239211460252913
phase3,C1,leapfrog,6,"(('delta', 1.0), ('dt0', 0.5))",1021,True,0.010758982566183186,0.01627823940691283,522.0,False,999,0.26993450000009034,0,8c30b8ba485f607b83efdb4ce3982ff2e704c260,0483e7b03a680c249e861dda5ecdefdfdf683440,0.01321366008090362,1.0,1.0,,0.039608082170334256,201.0,True,0.6609426423360134
phase3,C1,leapfrog,6,"(('delta', 1.0), ('dt0', 0.5))",1022,True,0.05547857813144183,0.0030896465040487044,300.0,False,501,0.17736785300076008,0,252a4241362fde711aeb2d4d1e6f98f0056f24b6,df586ea65d19e0e1a4baff5c775a7dff3c631ac3,0.03447928084352656,0.99,0.9899989998999901,,0.039608082170334256,3000.0,False,17.956286603901816
phase3,C1,leapfrog,6,"(('delta', 1.0), ('dt0', 0.5))",1023,True,0.061272269823121894,0.0072286600224361975,444.0,False,608,0.2511079990072176,0,fc99202e37c89d9d573689fc79659988b9a77795,7fca0de94515493b82530a933bad03711598625b,0.013039207666269459,1.0,1.0,,0.039608082170334256,3000.0,False,8.47629707759751
phase3,C1,leapfrog,6,"(('delta', 1.0), ('dt0', 0.5))",1024,True,0.044093614963522015,0.013213832046123732,258.0,False,571,0.1671977850055555,0,97a065f36e92e059f437a2a4f03b745d88f41f64,349f6042d49b96804b056cd9d813e9f43e971901,0.019995674674136252,0.99,0.9899989998999901,,0.039608082170334256,3000.0,False,3.3369286675969856
phase3,C1,leapfrog,6,"(('delta', 1.0), ('dt0', 0.5))",1025,True,0.004043973280144795,0.019911987646009963,3000.0,False,999,0.43733494100160897,0,1d255109928a96d5464c327659face623629f616,b3bf6f098c45545a6cbcd1df15f00f92f1e0039f,0.007702328990998215,1.0,1.0,,0.039608082170334256,264.0,True,0.2030923959997103
phase3,C1,leapfrog,6,"(('delta', 1.0), ('dt0', 0.5))",1026,True,0.017587829772592524,0.006178183085851766,696.0,False,999,0.30562235999968834,0,d237431fa57048f3904701b718907108143990e9,d128e19e14155e3878a96d685f5728f38149f0c3,0.05729275457404035,0.99,0.9899989998999901,,0.039608082170334256,330.0,True,2.8467640936166507
phase3,C1,leapfrog,6,"(('delta', 1.0), ('dt0', 0.5))",1027,True,0.04423289162553992,0.036644591088413156,1353.0,False,999,0.31444541600649245,0,2c5137ec2915e9b7bfa1664e5deb146e471c0f83,4d2176b3adeef33f39b27a86fb935eda0903a9eb,0.014577281471886592,0.99,0.9899989998999901,,0.039608082170334256,3000.0,False,1.2070783248424937
phase3,C1,leapfrog,6,"(('delta', 1.0), ('dt0', 0.5))",1028,True,0.008766473515296023,0.028136300362080095,2556.0,False,999,0.44968162500299513,0,f318d9da75733dc1cdab0874b938a094c1b27c82,6004c66ff7d756906a14536b8d5a444163efd0f7,0.018329934460698784,1.0,1.0,,0.039608082170334256,267.0,True,0.31157164952328953
phase3,C1,leapfrog,6,"(('delta', 1.0), ('dt0', 0.5))",1029,True,0.024552685948532237,0.029621527844040128,621.0,False,738,0.2430236639920622,0,54bb845183ae34e0aba3239a5603f077cfcab0f0,9020505081a2d0f8d1291d3e3ebaf962f8287725,0.017613844583437597,0.99,0.9899989998999901,,0.039608082170334256,390.0,True,0.8288797957284386
phase3,C2,sgd,4,"(('B', 1), ('eta', 0.1))",1000,True,0.6044083718926868,0.5197631329208332,3.000000000000007,False,1000,9.687088342005154,0,c9b04f72ff7c3e6c158ec0da63cc33e18e07f50f,6e63094eeebf4be02fcd9cc5f771f326410b3065,0.5106005575280406,0.8095238095238095,0.8077803203661327,,0.45563851089101626,3000.0,False,1.1628534876958005
phase3,C2,sgd,4,"(('B', 1), ('eta', 0.1))",1001,True,0.45281519731402303,0.44936747269794997,3.000000000000007,False,1000,9.707235809008125,0,0157900b9020daddb240aeb1b9ffbcf7e52c68e1,99daf13abd655c984aca041d7dc04444d002d9a0,0.5770258697386267,0.7142857142857143,0.7083333333333333,,0.45563851089101626,3.000000000000007,True,1.0076723947004294
phase3,C2,sgd,4,"(('B', 1), ('eta', 0.1))",1002,True,0.6029403144896761,0.2606677149873257,9.00000000000002,False,1000,10.540838832006557,0,edb08de65445376e0846bbf842afff296388d9a3,7d625fb0d72052275d8b2e8dd00cfb57a4bafa54,0.4473689751518178,0.8333333333333334,0.8324786324786324,,0.45563851089101626,3000.0,False,2.313060957775275
phase3,C2,sgd,4,"(('B', 1), ('eta', 0.1))",1003,True,0.47233698226003473,0.16955947532586463,11.999999999999934,False,1000,9.79857102400274,0,e054464588dd4c9ab9678cb71b09b6aa4224982c,d65a1fa08153f18fbbb995a7a87ec4aaf731eebc,0.42903193006373613,0.7619047619047619,0.7597254004576659,,0.45563851089101626,3000.0,False,2.7856714073470856
phase3,C2,sgd,4,"(('B', 1), ('eta', 0.1))",1004,True,0.27715784992948433,0.2441859962385951,14.999999999999849,False,1000,9.581947928003501,0,672bf6e45015ce90b07f7e68a6a880aac6a39c3d,b45cf4ebdd1dbf74b09fa0f5f47ad85359f04b19,0.449230997918824,0.8571428571428571,0.8568181818181818,,0.45563851089101626,6.000000000000032,True,1.135027619105038
phase3,C2,sgd,4,"(('B', 1), ('eta', 0.1))",1005,True,0.315568036865739,0.08706638860253492,452.9999999998702,False,1000,10.302718587001436,0,110e9fca7651315af8e72ed5116d419a2cc5e7be,9d27876b6894b2eb0b0dfa8bf4ce423f6ba0c9eb,0.8811666548273764,0.7619047619047619,0.7619047619047619,,0.45563851089101626,11.999999999999934,True,3.624453040154594
phase3,C2,sgd,4,"(('B', 1), ('eta', 0.1))",1006,True,0.4913175854425109,0.1885383077230552,20.99999999999968,False,1000,10.685338398994645,0,e16cbfb92f44799dad8ba381c93757ff5a441603,a9223516170c765dd0665aa71b876e15fbc5610a,0.3957583808877342,0.8095238095238095,0.8090909090909091,,0.45563851089101626,3000.0,False,2.605929751762754
phase3,C2,sgd,4,"(('B', 1), ('eta', 0.1))",1007,True,0.4124346879239553,0.26549439646081907,6.000000000000032,False,1000,9.454143255992676,0,b58042ec1162c4b7a7d929a8141bae38bd5e78c0,fa5862c36983f1f279a0342448e939d98b72dd6a,0.4307026291102517,0.8333333333333334,0.8324786324786324,,0.45563851089101626,6.000000000000032,True,1.553459106564689
phase3,C2,sgd,4,"(('B', 1), ('eta', 0.1))",1008,True,0.5844818993503986,0.19459036939292318,9.00000000000002,False,1000,10.03913200199895,0,e4f17bfe104d96d3cfaee1b1db47604a6131c724,a23b1c40f50e5601b72d269568f2b0783adccfbe,0.4199374620628243,0.9047619047619048,0.9038901601830663,,0.45563851089101626,3000.0,False,3.003652756165922
phase3,C2,sgd,4,"(('B', 1), ('eta', 0.1))",1009,True,0.4366645934471034,0.4016177841153245,3.000000000000007,False,1000,10.29903577499499,0,f2593fde5eddfae7af2b7857e8aaf4f1fa978672,63bcbab848382ebf601613daaa333c1690daae75,0.5066344065691953,0.7857142857142857,0.7846153846153847,,0.45563851089101626,3.000000000000007,True,1.0872640871941945
phase3,C2,sgd,4,"(('B', 1), ('eta', 0.1))",1010,True,0.35459158890460013,0.1752879158720247,1832.9999999986153,False,1000,10.252316060010344,0,483691a25bbfef85b71729ed282d38d428ccce5b,1f16ac19d3a2420cffdf5926529a11dc3ce0fee3,0.49284403316629927,0.8095238095238095,0.8090909090909091,,0.45563851089101626,3.000000000000007,True,2.0229094923091138
phase3,C2,sgd,4,"(('B', 1), ('eta', 0.1))",1011,True,0.6209945485159599,0.4443947010656157,3.000000000000007,False,1000,10.37366600400128,0,34e0a8e0df269cdfa323d2a78284f0b31c3f19fd,c4474250d1e90b35a2c574239ddc8cf92f3d11e1,0.5427688592386605,0.7857142857142857,0.7826336975273145,,0.45563851089101626,3000.0,False,1.3973941341489329
phase3,C2,sgd,4,"(('B', 1), ('eta', 0.1))",1012,True,0.4799855882015886,0.3792097523038795,3.000000000000007,False,1000,9.665579997003078,0,773761ebfd03a12adc1b9d5062f8b149ede61fa6,20ce7c417c5df4bdd6ffb5b6c18f0809742463ac,0.4901902985256147,0.7857142857142857,0.7826336975273145,,0.45563851089101626,3000.0,False,1.265752226269098
phase3,C2,sgd,4,"(('B', 1), ('eta', 0.1))",1013,True,0.49651320914427444,0.24798546424891174,14.999999999999849,False,1000,9.599053882004227,0,04354725a776e05013146457a4490e6c60d849f5,82d1f2e6ed37a4a987a25e0969d96c3d0e7de170,0.4542611383408818,0.8095238095238095,0.8095238095238095,,0.45563851089101626,3000.0,False,2.0021867436790837
phase3,C2,sgd,4,"(('B', 1), ('eta', 0.1))",1014,True,0.4011928447217934,0.4177621616584499,3.000000000000007,False,1000,10.629155791000812,0,881046268f04433795143c5ab9246ffb7c68c9d6,82f443f0f78a5d21c68a0ec7977f83e7100d9025,0.5183571764298358,0.8333333333333334,0.8285714285714285,,0.45563851089101626,3.000000000000007,True,0.9603379184201869
phase3,C2,sgd,4,"(('B', 1), ('eta', 0.1))",1015,True,0.46307977801000594,0.28345277041648836,9.00000000000002,False,1000,10.378988334006863,0,2c9f68ba6efdb5a4152cf2a8e7fd09c69db1b885,b0bfdc08f64524dbf5ebb4d49829c59c5eaf11a6,0.516561896579965,0.7380952380952381,0.7343300747556067,,0.45563851089101626,3000.0,False,1.6337105378422814
phase3,C2,sgd,4,"(('B', 1), ('eta', 0.1))",1016,True,0.5617791885555118,0.45626663278429863,3.000000000000007,False,1000,9.800383370005875,0,f01042738116b291d58142d58303e874b1edfbb5,262c605a6776853cac66a6a1706bc75a72be4e4f,0.462054149864167,0.8095238095238095,0.8095238095238095,,0.45563851089101626,3000.0,False,1.2312519658238839
phase3,C2,sgd,4,"(('B', 1), ('eta', 0.1))",1017,True,0.4436196617976148,0.2286607747971453,14.999999999999849,False,1000,9.890155172004597,0,5b0e7678aff92ae701c7983c1264db312aaae666,c41dac4b41c5378c23301c57775064fa5d3146b9,0.4322277256431193,0.8571428571428571,0.8568181818181818,,0.45563851089101626,14.999999999999849,True,1.9400776639157664
phase3,C2,sgd,4,"(('B', 1), ('eta', 0.1))",1018,True,0.38675563006691877,0.22326652558640345,17.999999999999766,False,1000,9.836607307006489,0,4939797a969ca92ac3c7e60bc9478fe3589d6685,1e2e89993ca4bdcb36e5d2f1ae218c6ecf104dc8,0.5624579743283039,0.8095238095238095,0.8090909090909091,,0.45563851089101626,3.000000000000007,True,1.7322598139202268
phase3,C2,sgd,4,"(('B', 1), ('eta', 0.1))",1019,True,0.44510352927917635,0.22041848366776703,11.999999999999934,False,1000,10.097925887996098,0,2d65008de513208545b5e1775cdd202f2303a5b1,4899dd3b1ed488655af3b6ff0fb43ae835caef8b,0.5528657664753658,0.7857142857142857,0.7855927396483267,,0.45563851089101626,11.999999999999934,True,2.0193566432027232
phase3,C2,sgd,4,"(('B', 1), ('eta', 0.1))",1020,True,0.5529204169169947,0.2706437223966528,9.00000000000002,False,1000,9.447374523006147,0,576b787ec2bca609d2b504645bddbf22bbb9d833,163f9c2569f9b305383455d184cccfa8e23226f7,0.578707112068597,0.7619047619047619,0.7619047619047619,,0.45563851089101626,3000.0,False,2.0429826046607498
phase3,C2,sgd,4,"(('B', 1), ('eta', 0.1))",1021,True,0.33261004274898753,0.430540416749973,174.00000000002763,False,1000,8.328490749001503,0,d3fcff8cf7e84ccc7d582a5479d02ddcd0dae40a,957b1cb8786e08276ddee895c5861f79fbc65054,0.7852413269206201,0.7857142857142857,0.7855927396483267,,0.45563851089101626,3.000000000000007,True,0.7725408110573359
phase3,C2,sgd,4,"(('B', 1), ('eta', 0.1))",1022,True,0.5543320421102463,0.3469143771894853,3.000000000000007,False,1000,8.519645079999464,0,a9eda3528633d35c730a05324bac393c1ea687aa,7fb74d101376821dcd80f8fc38d3831d3d906dd6,0.5338939045981276,0.7380952380952381,0.7379466817923993,,0.45563851089101626,3000.0,False,1.5978929631027343
phase3,C2,sgd,4,"(('B', 1), ('eta', 0.1))",1023,True,0.40502213829049716,0.17939671302535593,17.999999999999766,False,1000,8.85066913200717,0,319be4d3be2e3fe908911fec8c1e620fca81b02d,5277812af4c512f227ff27f61b077a3b377d56db,0.7118128083914826,0.7380952380952381,0.7367521367521368,,0.45563851089101626,17.999999999999766,True,2.2576898509464405
phase3,C2,sgd,4,"(('B', 1), ('eta', 0.1))",1024,True,0.3238310340300877,0.22722833404883774,17.999999999999766,False,1000,7.915235674998257,0,4014d0d31857be2530d1384c47f18f9a7695fa52,041fe92e505aa39a7d557f9602efedbbd508ff4f,0.5107564000273079,0.7380952380952381,0.7367521367521368,,0.45563851089101626,3.000000000000007,True,1.4251349216004345
phase3,C2,sgd,4,"(('B', 1), ('eta', 0.1))",1025,True,0.4736905481899482,0.16035918204292623,17.999999999999766,False,1000,8.133027235991904,0,dd8587cc38470bf091adcb566a1f9c4a4768e54f,a4f3bef698df4e8cb2d48e568bf92fc6de22a505,0.32907495051774543,0.9047619047619048,0.9038901601830663,,0.45563851089101626,3000.0,False,2.9539346743683623
phase3,C2,sgd,4,"(('B', 1), ('eta', 0.1))",1026,True,0.2524251448469689,0.09841721363764698,29.999999999999424,False,1000,7.815988576010568,0,27ac80f0ab727eee97d51cf87e4b67f518e3817f,e6f1d2f8326c9c1b84dde2a0c8a29cdded39bc81,0.6768001282492833,0.7619047619047619,0.7619047619047619,,0.45563851089101626,6.000000000000032,True,2.5648475049938835
phase3,C2,sgd,4,"(('B', 1), ('eta', 0.1))",1027,True,0.36169675466541384,0.3376941123976808,6.000000000000032,False,1000,7.902312840000377,0,921fb3523b87c5aa4f6402adc5372d31ad28f8e8,1202d1c3360da59fe424e64a5c020ceef6d01af6,0.5121913817823661,0.7619047619047619,0.7597254004576659,,0.45563851089101626,3.000000000000007,True,1.0710780596597036
phase3,C2,sgd,4,"(('B', 1), ('eta', 0.1))",1028,True,0.4243798903043042,0.17977924147315133,701.9999999996438,False,1000,7.890413293993333,0,817bf7e77247e861a9a35bccbfea6e1fb483ede3,d4c44009155aeac4d39a28564d2c5ea2ebec4256,0.5885767322240516,0.7619047619047619,0.7619047619047619,,0.45563851089101626,677.9999999996656,True,2.3605611350167037
phase3,C2,sgd,4,"(('B', 1), ('eta', 0.1))",1029,True,0.3872447688036703,0.12981184566713952,23.999999999999595,False,1000,7.997626468000817,0,86124f7266211320f278e0af3a35b34acdaff9ba,aaf7f81a79d59cedad1f2c3913a0dce20f2676c5,0.4698213417594016,0.8333333333333334,0.8309373202990225,,0.45563851089101626,11.999999999999934,True,2.983123510905424
phase3,C2,scg,4,"(('lambda_0', 1e-06), ('sigma', 1e-05))",1000,True,0.6202562208597433,0.4724344670350432,10.0,False,128,0.04803721800271887,3,c9b04f72ff7c3e6c158ec0da63cc33e18e07f50f,6e63094eeebf4be02fcd9cc5f771f326410b3065,0.5017018944164846,0.7857142857142857,0.7846153846153847,,0.45563851089101626,3000.0,False,1.3128936691524993
phase3,C2,scg,4,"(('lambda_0', 1e-06), ('sigma', 1e-05))",1001,True,0.50631734904305,0.2895964342729383,33.0,False,444,0.15651594199880492,5,0157900b9020daddb240aeb1b9ffbcf7e52c68e1,99daf13abd655c984aca041d7dc04444d002d9a0,0.5928751370745755,0.7857142857142857,0.7826336975273145,,0.45563851089101626,3000.0,False,1.748354914362851
phase3,C2,scg,4,"(('lambda_0', 1e-06), ('sigma', 1e-05))",1002,True,0.626317192794718,0.303512866775543,38.0,False,441,0.1504475050023757,6,edb08de65445376e0846bbf842afff296388d9a3,7d625fb0d72052275d8b2e8dd00cfb57a4bafa54,0.6655908808634812,0.7857142857142857,0.7846153846153847,,0.45563851089101626,3000.0,False,2.0635605977716214
phase3,C2,scg,4,"(('lambda_0', 1e-06), ('sigma', 1e-05))",1003,True,0.39302013868434815,0.41738306868952024,17.0,False,219,0.07453606500348542,7,e054464588dd4c9ab9678cb71b09b6aa4224982c,d65a1fa08153f18fbbb995a7a87ec4aaf731eebc,0.4487427065670121,0.7857142857142857,0.7855927396483267,,0.45563851089101626,17.0,True,0.9416293284687717
phase3,C2,scg,4,"(('lambda_0', 1e-06), ('sigma', 1e-05))",1004,True,0.22145934371984763,0.17996177262694787,67.0,False,448,0.15581772998848464,4,672bf6e45015ce90b07f7e68a6a880aac6a39c3d,b45cf4ebdd1dbf74b09fa0f5f47ad85359f04b19,0.4015581611216522,0.8809523809523809,0.8808848553601816,,0.45563851089101626,18.0,True,1.2305910332352763
phase3,C2,scg,4,"(('lambda_0', 1e-06), ('sigma', 1e-05))",1005,True,0.345876110214814,0.12952683450149335,74.0,False,448,0.15583986799174454,5,110e9fca7651315af8e72ed5116d419a2cc5e7be,9d27876b6894b2eb0b0dfa8bf4ce423f6ba0c9eb,0.44105002312605446,0.8333333333333334,0.8332387975042541,,0.45563851089101626,32.0,True,2.6703046634774843
phase3,C2,scg,4,"(('lambda_0', 1e-06), ('sigma', 1e-05))",1006,True,0.48340708655251874,0.34078148866699637,39.0,False,450,0.1610043030086672,5,e16cbfb92f44799dad8ba381c93757ff5a441603,a9223516170c765dd0665aa71b876e15fbc5610a,0.4509504129379293,0.7857142857142857,0.7855927396483267,,0.45563851089101626,3000.0,False,1.4185250743619255
phase3,C2,scg,4,"(('lambda_0', 1e-06), ('sigma', 1e-05))",1007,True,0.45762587088523227,0.14297152230087018,53.0,False,444,0.16586478000681382,8,b58042ec1162c4b7a7d929a8141bae38bd5e78c0,fa5862c36983f1f279a0342448e939d98b72dd6a,0.6158077492829442,0.7857142857142857,0.7855927396483267,,0.45563851089101626,3000.0,False,3.2008183414470572
phase3,C2,scg,4,"(('lambda_0', 1e-06), ('sigma', 1e-05))",1008,True,0.5698219492010551,0.430560008644429,10.0,False,430,0.15044761600438505,0,e4f17bfe104d96d3cfaee1b1db47604a6131c724,a23b1c40f50e5601b72d269568f2b0783adccfbe,0.4805329060801111,0.7857142857142857,0.7855927396483267,,0.45563851089101626,3000.0,False,1.323443742476402
phase3,C2,scg,4,"(('lambda_0', 1e-06), ('sigma', 1e-05))",1009,True,0.43798028981541703,0.3080316224772509,47.0,False,441,0.18610409699613228,8,f2593fde5eddfae7af2b7857e8aaf4f1fa978672,63bcbab848382ebf601613daaa333c1690daae75,0.5185228131250769,0.7380952380952381,0.7379466817923993,,0.45563851089101626,47.0,True,1.4218679442490136
phase3,C2,scg,4,"(('lambda_0', 1e-06), ('sigma', 1e-05))",1010,True,0.42647446159177627,0.17136747830473897,40.0,False,275,0.10992246199748479,8,483691a25bbfef85b71729ed282d38d428ccce5b,1f16ac19d3a2420cffdf5926529a11dc3ce0fee3,0.7398896957298355,0.7619047619047619,0.7619047619047619,,0.45563851089101626,19.0,True,2.488654590770054
phase3,C2,scg,4,"(('lambda_0', 1e-06), ('sigma', 1e-05))",1011,True,0.6336722316497353,0.5525896443346437,10.0,False,123,0.05050799799209926,2,34e0a8e0df269cdfa323d2a78284f0b31c3f19fd,c4474250d1e90b35a2c574239ddc8cf92f3d11e1,0.5883772168569814,0.7380952380952381,0.7379466817923993,,0.45563851089101626,3000.0,False,1.1467320065556432
phase3,C2,scg,4,"(('lambda_0', 1e-06), ('sigma', 1e-05))",1012,True,0.46461994502339043,0.3478737304993455,34.0,False,240,0.08187324699247256,3,773761ebfd03a12adc1b9d5062f8b149ede61fa6,20ce7c417c5df4bdd6ffb5b6c18f0809742463ac,0.5100956622390956,0.7380952380952381,0.7367521367521368,,0.45563851089101626,3000.0,False,1.3355993979667993
phase3,C2,scg,4,"(('lambda_0', 1e-06), ('sigma', 1e-05))",1013,True,0.39959437230516126,0.37884078377310954,17.0,False,257,0.10086569999111816,7,04354725a776e05013146457a4490e6c60d849f5,82d1f2e6ed37a4a987a25e0969d96c3d0e7de170,0.48908684485674875,0.7857142857142857,0.7846153846153847,,0.45563851089101626,17.0,True,1.0547818223934442
phase3,C2,scg,4,"(('lambda_0', 1e-06), ('sigma', 1e-05))",1014,True,0.6156350100142576,0.4923161484208663,18.0,False,163,0.05427982300170697,3,881046268f04433795143c5ab9246ffb7c68c9d6,82f443f0f78a5d21c68a0ec7977f83e7100d9025,0.536465379718186,0.7619047619047619,0.7613636363636364,,0.45563851089101626,3000.0,False,1.2504871351243383
phase3,C2,scg,4,"(('lambda_0', 1e-06), ('sigma', 1e-05))",1015,True,0.45070221632679397,0.29747035661316196,40.0,False,242,0.09446153500175569,5,2c9f68ba6efdb5a4152cf2a8e7fd09c69db1b885,b0bfdc08f64524dbf5ebb4d49829c59c5eaf11a6,0.48595182404925186,0.7380952380952381,0.7379466817923993,,0.45563851089101626,40.0,True,1.515116401708889
phase3,C2,scg,4,"(('lambda_0', 1e-06), ('sigma', 1e-05))",1016,True,0.5796583732164899,0.5347529900212251,10.0,False,450,0.14919706400542054,6,f01042738116b291d58142d58303e874b1edfbb5,262c605a6776853cac66a6a1706bc75a72be4e4f,0.5513150324826442,0.7619047619047619,0.7597254004576659,,0.45563851089101626,3000.0,False,1.0839740665937792
phase3,C2,scg,4,"(('lambda_0', 1e-06), ('sigma', 1e-05))",1017,True,0.4812293187228115,0.5156367181360638,10.0,False,437,0.1786832880025031,9,5b0e7678aff92ae701c7983c1264db312aaae666,c41dac4b41c5378c23301c57775064fa5d3146b9,0.5142924858230954,0.7619047619047619,0.7613636363636364,,0.45563851089101626,3000.0,False,0.9332720145733046
phase3,C2,scg,4,"(('lambda_0', 1e-06), ('sigma', 1e-05))",1018,True,0.37781457203638624,0.3071691160256313,31.0,False,438,0.17824544898758177,6,4939797a969ca92ac3c7e60bc9478fe3589d6685,1e2e89993ca4bdcb36e5d2f1ae218c6ecf104dc8,0.5271381644293224,0.7380952380952381,0.7367521367521368,,0.45563851089101626,31.0,True,1.2299887987595082
phase3,C2,scg,4,"(('lambda_0', 1e-06), ('sigma', 1e-05))",1019,True,0.5282296849683288,0.48995384231131867,10.0,False,170,0.07417309199809097,5,2d65008de513208545b5e1775cdd202f2303a5b1,4899dd3b1ed488655af3b6ff0fb43ae835caef8b,0.5200318607722327,0.6666666666666666,0.6666666666666666,,0.45563851089101626,3000.0,False,1.078121323585191
phase3,C2,scg,4,"(('lambda_0', 1e-06), ('sigma', 1e-05))",1020,True,0.5466358605157374,0.27000395448886705,33.0,False,170,0.06760302699694876,4,576b787ec2bca609d2b504645bddbf22bbb9d833,163f9c2569f9b305383455d184cccfa8e23226f7,0.4634016882391184,0.7619047619047619,0.7619047619047619,,0.45563851089101626,3000.0,False,2.024547609128727
phase3,C2,scg,4,"(('lambda_0', 1e-06), ('sigma', 1e-05))",1021,True,0.4194903662610771,0.19636919949947568,55.0,False,264,0.11954411899205297,8,d3fcff8cf7e84ccc7d582a5479d02ddcd0dae40a,957b1cb8786e08276ddee895c5861f79fbc65054,0.6164749137546871,0.7857142857142857,0.7855927396483267,,0.45563851089101626,55.0,True,2.1362330107283305
phase3,C2,scg,4,"(('lambda_0', 1e-06), ('sigma', 1e-05))",1022,True,0.56526637205824,0.2294363958243096,47.0,False,435,0.1890295189950848,6,a9eda3528633d35c730a05324bac393c1ea687aa,7fb74d101376821dcd80f8fc38d3831d3d906dd6,0.48853804021697134,0.8095238095238095,0.8077803203661327,,0.45563851089101626,3000.0,False,2.463717101322893
phase3,C2,scg,4,"(('lambda_0', 1e-06), ('sigma', 1e-05))",1023,True,0.44932223189598136,0.2102218059191692,49.0,False,198,0.12487499300914351,5,319be4d3be2e3fe908911fec8c1e620fca81b02d,5277812af4c512f227ff27f61b077a3b377d56db,0.4842235780199129,0.7380952380952381,0.7367521367521368,,0.45563851089101626,49.0,True,2.1373721433481876
phase3,C2,scg,4,"(('lambda_0', 1e-06), ('sigma', 1e-05))",1024,True,0.397311885508595,0.20481439038278643,53.0,False,433,0.20917883500806056,4,4014d0d31857be2530d1384c47f18f9a7695fa52,041fe92e505aa39a7d557f9602efedbbd508ff4f,0.5509202296483231,0.8333333333333334,0.8324786324786324,,0.45563851089101626,17.0,True,1.9398631354273579
phase3,C2,scg,4,"(('lambda_0', 1e-06), ('sigma', 1e-05))",1025,True,0.4523342761903851,0.1845858049914519,62.0,False,221,0.15058849200431723,9,dd8587cc38470bf091adcb566a1f9c4a4768e54f,a4f3bef698df4e8cb2d48e568bf92fc6de22a505,0.6135281112308044,0.7619047619047619,0.7619047619047619,,0.45563851089101626,41.0,True,2.4505366282706977
phase3,C2,scg,4,"(('lambda_0', 1e-06), ('sigma', 1e-05))",1026,True,0.291922961935812,0.0945937198099761,129.0,False,462,0.17854241600434761,15,27ac80f0ab727eee97d51cf87e4b67f518e3817f,e6f1d2f8326c9c1b84dde2a0c8a29cdded39bc81,0.6976515696709762,0.7857142857142857,0.7846153846153847,,0.45563851089101626,33.0,True,3.086071279596989
phase3,C2,scg,4,"(('lambda_0', 1e-06), ('sigma', 1e-05))",1027,True,0.3283001191668139,0.32650938898656884,42.0,False,221,0.09424623499216978,14,921fb3523b87c5aa4f6402adc5372d31ad28f8e8,1202d1c3360da59fe424e64a5c020ceef6d01af6,0.4159381340780073,0.7619047619047619,0.7619047619047619,,0.45563851089101626,18.0,True,1.0054844676467136
phase3,C2,scg,4,"(('lambda_0', 1e-06), ('sigma', 1e-05))",1028,True,0.5344685829569737,0.4629098894622602,17.0,False,330,0.1288777699955972,13,817bf7e77247e861a9a35bccbfea6e1fb483ede3,d4c44009155aeac4d39a28564d2c5ea2ebec4256,0.5427537711586192,0.7380952380952381,0.7306122448979592,,0.45563851089101626,3000.0,False,1.1545844993241337
phase3,C2,scg,4,"(('lambda_0', 1e-06), ('sigma', 1e-05))",1029,True,0.3959003840901807,0.42977521823114295,25.0,False,213,0.08814470600918867,4,86124f7266211320f278e0af3a35b34acdaff9ba,aaf7f81a79d59cedad1f2c3913a0dce20f2676c5,0.5765805928382972,0.7619047619047619,0.7613636363636364,,0.45563851089101626,18.0,True,0.9211801129893358
phase3,C2,leapfrog,4,"(('delta', 0.1), ('dt0', 1.0))",1000,True,0.5802464666605832,0.37507979809639763,24.0,False,107,0.027873750994331203,0,c9b04f72ff7c3e6c158ec0da63cc33e18e07f50f,6e63094eeebf4be02fcd9cc5f771f326410b3065,0.4472056734962969,0.8095238095238095,0.8095238095238095,,0.45563851089101626,3000.0,False,1.5469947184717652
phase3,C2,leapfrog,4,"(('delta', 0.1), ('dt0', 1.0))",1001,True,0.433757571359281,0.36072461209461437,39.0,False,278,0.06708955399517436,0,0157900b9020daddb240aeb1b9ffbcf7e52c68e1,99daf13abd655c984aca041d7dc04444d002d9a0,0.5011640650646533,0.7619047619047619,0.7597254004576659,,0.45563851089101626,27.0,True,1.202461813849039
phase3,C2,leapfrog,4,"(('delta', 0.1), ('dt0', 1.0))",1002,True,0.5377959559271728,0.24920757352539918,60.0,False,178,0.04961581699899398,0,edb08de65445376e0846bbf842afff296388d9a3,7d625fb0d72052275d8b2e8dd00cfb57a4bafa54,0.48404358628837557,0.7857142857142857,0.7855927396483267,,0.45563851089101626,3000.0,False,2.158024125508211
phase3,C2,leapfrog,4,"(('delta', 0.1), ('dt0', 1.0))",1003,True,0.405076542680568,0.3751409175701968,30.0,False,118,0.02623828900686931,0,e054464588dd4c9ab9678cb71b09b6aa4224982c,d65a1fa08153f18fbbb995a7a87ec4aaf731eebc,0.4719203108794369,0.7857142857142857,0.7855927396483267,,0.45563851089101626,15.0,True,1.079798346989887
phase3,C2,leapfrog,4,"(('delta', 0.1), ('dt0', 1.0))",1004,True,0.308434920610492,0.23768059433385746,66.0,False,149,0.040223386997240596,0,672bf6e45015ce90b07f7e68a6a880aac6a39c3d,b45cf4ebdd1dbf74b09fa0f5f47ad85359f04b19,0.4929292512501383,0.7857142857142857,0.7855927396483267,,0.45563851089101626,24.0,True,1.2976865926935945
phase3,C2,leapfrog,4,"(('delta', 0.1), ('dt0', 1.0))",1005,True,0.32668877926357126,0.09946000897507525,114.0,False,189,0.04243620099441614,0,110e9fca7651315af8e72ed5116d419a2cc5e7be,9d27876b6894b2eb0b0dfa8bf4ce423f6ba0c9eb,0.5246253684740001,0.8095238095238095,0.8077803203661327,,0.45563851089101626,33.0,True,3.2846244699760656
phase3,C2,leapfrog,4,"(('delta', 0.1), ('dt0', 1.0))",1006,True,0.5108568048183211,0.4082904140562014,36.0,False,133,0.03834009099227842,0,e16cbfb92f44799dad8ba381c93757ff5a441603,a9223516170c765dd0665aa71b876e15fbc5610a,0.45148808050113665,0.7857142857142857,0.7855927396483267,,0.45563851089101626,3000.0,False,1.2512094020115823
phase3,C2,leapfrog,4,"(('delta', 0.1), ('dt0', 1.0))",1007,True,0.47055696904430677,0.26069254112766627,60.0,False,237,0.05775371700292453,0,b58042ec1162c4b7a7d929a8141bae38bd5e78c0,fa5862c36983f1f279a0342448e939d98b72dd6a,0.45995820870461024,0.7857142857142857,0.7855927396483267,,0.45563851089101626,3000.0,False,1.805026591895722
phase3,C2,leapfrog,4,"(('delta', 0.1), ('dt0', 1.0))",1008,True,0.6007496333396896,0.36840963657025755,30.0,False,272,0.06363923999015242,0,e4f17bfe104d96d3cfaee1b1db47604a6131c724,a23b1c40f50e5601b72d269568f2b0783adccfbe,0.47477162337285156,0.7857142857142857,0.7846153846153847,,0.45563851089101626,3000.0,False,1.6306566759013743
phase3,C2,leapfrog,4,"(('delta', 0.1), ('dt0', 1.0))",1009,True,0.4504127174031628,0.31276429357009466,39.0,False,121,0.02675752100185491,0,f2593fde5eddfae7af2b7857e8aaf4f1fa978672,63bcbab848382ebf601613daaa333c1690daae75,0.4736200883002032,0.7857142857142857,0.7855927396483267,,0.45563851089101626,33.0,True,1.4401027440244527
phase3,C2,leapfrog,4,"(('delta', 0.1), ('dt0', 1.0))",1010,True,0.3970366325790829,0.22535409405405185,66.0,False,132,0.02773444000922609,0,483691a25bbfef85b71729ed282d38d428ccce5b,1f16ac19d3a2420cffdf5926529a11dc3ce0fee3,0.43612230818400116,0.8333333333333334,0.8332387975042541,,0.45563851089101626,36.0,True,1.7618345663773585
phase3,C2,leapfrog,4,"(('delta', 0.1), ('dt0', 1.0))",1011,True,0.632292003128418,0.4156865615901656,30.0,False,135,0.029173488990636542,0,34e0a8e0df269cdfa323d2a78284f0b31c3f19fd,c4474250d1e90b35a2c574239ddc8cf92f3d11e1,0.5125901056868034,0.7857142857142857,0.7846153846153847,,0.45563851089101626,3000.0,False,1.5210787683625155
phase3,C2,leapfrog,4,"(('delta', 0.1), ('dt0', 1.0))",1012,True,0.49872745581702055,0.38158106193439184,39.0,False,133,0.028821444997447543,0,773761ebfd03a12adc1b9d5062f8b149ede61fa6,20ce7c417c5df4bdd6ffb5b6c18f0809742463ac,0.4944384281327791,0.7619047619047619,0.7613636363636364,,0.45563851089101626,3000.0,False,1.3070026412966234
phase3,C2,leapfrog,4,"(('delta', 0.1), ('dt0', 1.0))",1013,True,0.4511051989078669,0.3366637445459576,39.0,False,115,0.030256689991801977,0,04354725a776e05013146457a4490e6c60d849f5,82d1f2e6ed37a4a987a25e0969d96c3d0e7de170,0.4608149626472941,0.7380952380952381,0.7379466817923993,,0.45563851089101626,33.0,True,1.3399280623942773
phase3,C2,leapfrog,4,"(('delta', 0.1), ('dt0', 1.0))",1014,True,0.4591621755231592,0.33736804012464305,51.0,False,185,0.040764774006675,0,881046268f04433795143c5ab9246ffb7c68c9d6,82f443f0f78a5d21c68a0ec7977f83e7100d9025,0.41650117581184676,0.7619047619047619,0.7613636363636364,,0.45563851089101626,3000.0,False,1.3610126654365908
phase3,C2,leapfrog,4,"(('delta', 0.1), ('dt0', 1.0))",1015,True,0.4968315982748506,0.2666856930486856,54.0,False,250,0.05276076099835336,0,2c9f68ba6efdb5a4152cf2a8e7fd09c69db1b885,b0bfdc08f64524dbf5ebb4d49829c59c5eaf11a6,0.47782528635222055,0.8095238095238095,0.8090909090909091,,0.45563851089101626,3000.0,False,1.8629855714987682
phase3,C2,leapfrog,4,"(('delta', 0.1), ('dt0', 1.0))",1016,True,0.5221604954493682,0.32372162311191005,45.0,False,137,0.029453174996888265,0,f01042738116b291d58142d58303e874b1edfbb5,262c605a6776853cac66a6a1706bc75a72be4e4f,0.47387490464991844,0.7619047619047619,0.7597254004576659,,0.45563851089101626,3000.0,False,1.6129923309721517
phase3,C2,leapfrog,4,"(('delta', 0.1), ('dt0', 1.0))",1017,True,0.4579073533816979,0.3200901513058465,48.0,False,212,0.04578189099265728,0,5b0e7678aff92ae701c7983c1264db312aaae666,c41dac4b41c5378c23301c57775064fa5d3146b9,0.46552143088095366,0.8095238095238095,0.8090909090909091,,0.45563851089101626,3000.0,False,1.4305574586209837
phase3,C2,leapfrog,4,"(('delta', 0.1), ('dt0', 1.0))",1018,True,0.40665768914525674,0.3098973662742589,51.0,False,113,0.026922410004772246,0,4939797a969ca92ac3c7e60bc9478fe3589d6685,1e2e89993ca4bdcb36e5d2f1ae218c6ecf104dc8,0.4042322528642832,0.8809523809523809,0.8808848553601816,,0.45563851089101626,30.0,True,1.3122334469450283
phase3,C2,leapfrog,4,"(('delta', 0.1), ('dt0', 1.0))",1019,True,0.5102312381476556,0.3874065488674304,24.0,False,130,0.029542172007495537,0,2d65008de513208545b5e1775cdd202f2303a5b1,4899dd3b1ed488655af3b6ff0fb43ae835caef8b,0.48649448389364675,0.7380952380952381,0.7379466817923993,,0.45563851089101626,3000.0,False,1.317043399599978
phase3,C2,leapfrog,4,"(('delta', 0.1), ('dt0', 1.0))",1020,True,0.5366184616044078,0.30588406209943403,42.0,False,108,0.03197997700772248,0,576b787ec2bca609d2b504645bddbf22bbb9d833,163f9c2569f9b305383455d184cccfa8e23226f7,0.4788085787316628,0.7619047619047619,0.7619047619047619,,0.45563851089101626,3000.0,False,1.7543197835197075
phase3,C2,leapfrog,4,"(('delta', 0.1), ('dt0', 1.0))",1021,True,0.3356215085045561,0.15275442101795214,99.0,False,245,0.05687855000724085,0,d3fcff8cf7e84ccc7d582a5479d02ddcd0dae40a,957b1cb8786e08276ddee895c5861f79fbc65054,0.46300566014179706,0.8095238095238095,0.8090909090909091,,0.45563851089101626,36.0,True,2.1971312271552055
phase3,C2,leapfrog,4,"(('delta', 0.1), ('dt0', 1.0))",1022,True,0.540184863231042,0.31147080967044444,51.0,False,186,0.05488942199735902,0,a9eda3528633d35c730a05324bac393c1ea687aa,7fb74d101376821dcd80f8fc38d3831d3d906dd6,0.5051014734195597,0.7380952380952381,0.7367521367521368,,0.45563851089101626,3000.0,False,1.7343033326384303
phase3,C2,leapfrog,4,"(('delta', 0.1), ('dt0', 1.0))",1023,True,0.44530978525595444,0.24336518035682864,54.0,False,173,0.059016258994233795,0,319be4d3be2e3fe908911fec8c1e620fca81b02d,5277812af4c512f227ff27f61b077a3b377d56db,0.44256724031881894,0.7619047619047619,0.7613636363636364,,0.45563851089101626,42.0,True,1.8298007323933076
phase3,C2,leapfrog,4,"(('delta', 0.1), ('dt0', 1.0))",1024,True,0.3493293917235888,0.2517736113266238,57.0,False,114,0.026817837002454326,0,4014d0d31857be2530d1384c47f18f9a7695fa52,041fe92e505aa39a7d557f9602efedbbd508ff4f,0.4758408715975402,0.7619047619047619,0.7613636363636364,,0.45563851089101626,21.0,True,1.3874742070184898
phase3,C2,leapfrog,4,"(('delta', 0.1), ('dt0', 1.0))",1025,True,0.45336966840033466,0.19992829585551103,57.0,False,135,0.04311038600280881,0,dd8587cc38470bf091adcb566a1f9c4a4768e54f,a4f3bef698df4e8cb2d48e568bf92fc6de22a505,0.5054630809416788,0.7142857142857143,0.7142857142857143,,0.45563851089101626,54.0,True,2.267661345585553
phase3,C2,leapfrog,4,"(('delta', 0.1), ('dt0', 1.0))",1026,True,0.27356562367399656,0.0981343023662993,120.0,False,195,0.04689126100856811,0,27ac80f0ab727eee97d51cf87e4b67f518e3817f,e6f1d2f8326c9c1b84dde2a0c8a29cdded39bc81,0.5484822790687728,0.8095238095238095,0.8095238095238095,,0.45563851089101626,45.0,True,2.7876656487848313
phase3,C2,leapfrog,4,"(('delta', 0.1), ('dt0', 1.0))",1027,True,0.35689214395481605,0.3032153659000763,48.0,False,116,0.024703314993530512,0,921fb3523b87c5aa4f6402adc5372d31ad28f8e8,1202d1c3360da59fe424e64a5c020ceef6d01af6,0.42630904636309547,0.7619047619047619,0.7619047619047619,,0.45563851089101626,24.0,True,1.1770252569338084
phase3,C2,leapfrog,4,"(('delta', 0.1), ('dt0', 1.0))",1028,True,0.5052696047052384,0.3440821312702441,42.0,False,259,0.06101666200265754,0,817bf7e77247e861a9a35bccbfea6e1fb483ede3,d4c44009155aeac4d39a28564d2c5ea2ebec4256,0.49069094287893283,0.7619047619047619,0.7613636363636364,,0.45563851089101626,3000.0,False,1.4684563910364665
phase3,C2,leapfrog,4,"(('delta', 0.1), ('dt0', 1.0))",1029,True,0.39346031223309713,0.3114676179260034,54.0,False,196,0.04530097199312877,0,86124f7266211320f278e0af3a35b34acdaff9ba,aaf7f81a79d59cedad1f2c3913a0dce20f2676c5,0.44271108615671617,0.7857142857142857,0.7855927396483267,,0.45563851089101626,33.0,True,1.26324628817938
phase3,C3,sgd,24,"(('B', 16), ('eta', 0.1))",1000,True,0.12161185014972377,0.008016062921598273,162.0000000000086,False,1000,5.5381729990040185,0,863a353bdb73d8d029f33f6e08cb5ec28141f2a3,06ccd15f233d0890a546ce7bd7c5f2bf6b87207a,0.16111861313064688,0.9666666666666667,0.9663184008557344,,0.10686053252906387,3000.0,False,15.171019905801382
phase3,C3,sgd,24,"(('B', 16), ('eta', 0.1))",1001,True,0.10407810607347455,0.00653645155754637,186.0000000000159,False,1000,5.500775525011704,0,889c3b30159c5d135f9097e2abde0efeae2dfc4f,de9684450e9e159af5b34cbf4c28bf1ab66233d7,0.123275458975899,0.9638888888888889,0.9637606154430387,,0.10686053252906387,92.9999999999988,True,15.922722773538466
phase3,C3,sgd,24,"(('B', 16), ('eta', 0.1))",1002,True,0.1032543532822143,0.006741610182314828,168.00000000001043,False,1000,5.480155351993744,0,4d9230f11760751aacb90ff0801ab1b34735b773,9d477cf7ff8e7fe4f4f139c58d3b6dfea6822164,0.17755720505078218,0.9583333333333334,0.9582929311646279,,0.10686053252906387,92.9999999999988,True,15.315978006720117
phase3,C3,sgd,24,"(('B', 16), ('eta', 0.1))",1003,True,0.1115972378116615,0.010165014730597145,125.99999999999834,False,1000,5.470428274013102,0,3df68959f09205302fd545ae96494ea4621b68c2,40b4b31549a8a8f87d45c0b423b4f41a7224d679,0.1466882952606387,0.9638888888888889,0.963537330103127,,0.10686053252906387,3000.0,False,10.97856134686641
phase3,C3,sgd,24,"(('B', 16), ('eta', 0.1))",1004,True,0.08554775072270857,0.010026995910480254,128.9999999999986,False,1000,5.384405049990164,0,fcef3f33ea417cb77359e069ea0d6b0f0b32940c,b3a457a4abd798cbb3bda8be0a9225308388c818,0.13300982750385396,0.9666666666666667,0.9666397018472029,,0.10686053252906387,29.999999999999694,True,8.531742855633732
phase3,C3,sgd,24,"(('B', 16), ('eta', 0.1))",1005,True,0.10491344670428884,0.00584184447303002,213.00000000002407,False,1000,5.630529222005862,0,ed298a19439a5ff4b3488d6490f5aac5149a2f00,377187e3298fc8db0cd68a0b7d3a694a6a0068ee,0.1618687908108069,0.9555555555555556,0.9554562870492209,,0.10686053252906387,125.99999999999834,True,17.958959227456603
phase3,C3,sgd,24,"(('B', 16), ('eta', 0.1))",1006,True,0.07306139822426046,0.0013029825657970002,803.9999999998503,False,1000,5.457923009002116,0,ba11f5ce069dbff0c67d2d89782c434059e57637,a99134000d4c4cb1b0416ef8839e06519d42d7ee,0.1711947284565879,0.9611111111111111,0.9609743379825364,,0.10686053252906387,41.999999999999524,True,56.07242962577225
phase3,C3,sgd,24,"(('B', 16), ('eta', 0.1))",1007,True,0.08736423211552335,0.0013816661494513683,785.9999999998564,False,1000,5.551215957995737,0,8f47a6632f1e87e58e8655cb35d6ca7b87a4f56f,80bf1c849c164fe97e40912ca1ae8bc0bb130fd3,0.1546283189836268,0.9527777777777777,0.9526182778697271,,0.10686053252906387,59.99999999999927,True,63.23107224579101
phase3,C3,sgd,24,"(('B', 16), ('eta', 0.1))",1008,True,0.09567190188140302,0.008369255644053353,156.0000000000068,False,1000,5.5227894080016995,0,02f319a3647b5c067dcf7bdffb3af18c830aca2e,94c296b4bfeb50abcce42804b1e5ceb31fe6dab7,0.1463589185547611,0.9666666666666667,0.9665076178651668,,0.10686053252906387,47.99999999999944,True,11.431351359111755
phase3,C3,sgd,24,"(('B', 16), ('eta', 0.1))",1009,True,0.07015238352084484,0.004698361857290627,255.0000000000368,False,1000,5.553251211997122,0,14cdc6448ff781bfda350dee662e7dc184254746,132f8ed6d1a9d03d62819a0d8131354dda6a7306,0.13893293739537013,0.9638888888888889,0.9641020736149726,,0.10686053252906387,32.99999999999965,True,14.931243197453323
phase3,C3,sgd,24,"(('B', 16), ('eta', 0.1))",1010,True,0.08431824275948971,0.00617026777858616,198.00000000001953,False,1000,5.47127117299533,0,924885c1b7104892a1a10ccff7e39d8b709c7439,1091bea823c12d7116aab77b0bfca53a09ba9326,0.14429004565830106,0.9611111111111111,0.9610489296385495,,0.10686053252906387,38.99999999999957,True,13.665248541094952
phase3,C3,sgd,24,"(('B', 16), ('eta', 0.1))",1011,True,0.0970946619193582,0.017112494031534812,89.99999999999885,False,1000,5.3952578809985425,0,ee7f5b46ccd34f6f7da4f631e032b179565ccfc8,ea5130905fcc703f681f2cdab240c73aa7cec80d,0.13230653155766767,0.975,0.974895875026324,,0.10686053252906387,38.99999999999957,True,5.6739047937976
phase3,C3,sgd,24,"(('B', 16), ('eta', 0.1))",1012,True,0.06423484751997746,0.00032795142680068067,2988.000000004163,False,1000,5.470934798009694,0,642163844277ca55b68b57e67eaee4ceda351f91,8cd97fe81d23f69d027739d5220ca99355524227,0.1502142747417554,0.9694444444444444,0.9694036109547672,,0.10686053252906387,41.999999999999524,True,195.86695550197297
phase3,C3,sgd,24,"(('B', 16), ('eta', 0.1))",1013,True,0.09727887946044854,0.006000885650603572,198.00000000001953,False,1000,5.520968291006284,0,df7a2e83288138401c1a06c82fa86a27572c04de,a7cec1b421cd3aee06cd17d55e1fa583f713329a,0.108779487666993,0.9666666666666667,0.9665397370410862,,0.10686053252906387,56.99999999999931,True,16.210753732770126
phase3,C3,sgd,24,"(('B', 16), ('eta', 0.1))",1014,True,0.09884649304014698,0.006359170147102324,216.00000000002498,False,1000,5.438425366010051,0,09dfe45c2bd31f02a107543dd72cbbac870ceb97,4709af65c51b6c986dea9d875a071713afe37e33,0.17005952653859088,0.9638888888888889,0.963747469224413,,0.10686053252906387,74.99999999999906,True,15.543929593578849
phase3,C3,sgd,24,"(('B', 16), ('eta', 0.1))",1015,True,0.10228676165495579,0.012887715332563847,119.99999999999842,False,1000,5.424964500009082,0,ad80b7b7260ca864f0c1cc733968896f14e291ab,04625e42e63de71771632bb92a74dd2a9f29975c,0.1307194911199038,0.9583333333333334,0.9584142406429068,,0.10686053252906387,80.99999999999898,True,7.9367645091061405
phase3,C3,sgd,24,"(('B', 16), ('eta', 0.1))",1016,True,0.09907750808468588,0.0026734974777999736,404.9999999999863,False,1000,5.589684434991796,0,5a80160aa99675e16a9873b9d14d46a28141a250,0c3b1cd7a6a4b6425cb9227ebaf56f1eca25407c,0.12688093062950245,0.9638888888888889,0.9636451677660421,,0.10686053252906387,98.99999999999872,True,37.05913654581674
phase3,C3,sgd,24,"(('B', 16), ('eta', 0.1))",1017,True,0.07407607730016559,0.004131782817423166,303.0000000000211,False,1000,5.584456615004456,0,59d340434d4b9a22fb56250bc71d26cab88cda3b,4e1ecedc595913a1854c534cc06bd3a85da0696e,0.1284236861286562,0.9638888888888889,0.9639068658526501,,0.10686053252906387,26.99999999999974,True,17.928356976508265
phase3,C3,sgd,24,"(('B', 16), ('eta', 0.1))",1018,True,0.11607801684335846,0.00892471894452321,144.00000000000315,False,1000,5.49780236800143,0,6bbe3abc0d66fb14484238b2332153cdb338a41b,9c3a8f065d1a64a2138a2b625a17ccbb4dabbd81,0.11842703124452494,0.9722222222222222,0.9720904508514924,,0.10686053252906387,3000.0,False,13.00634984304929
phase3,C3,sgd,24,"(('B', 16), ('eta', 0.1))",1019,True,0.16260450624082023,0.021208824223969032,74.99999999999906,False,1000,5.39038899600564,0,3b1039d5ed9b33f1e8ebeb41a2cd0a7b39308cdc,fcbd95f6134bf28d511945838862152ffc39958d,0.14973691407974282,0.9638888888888889,0.9637053401544001,,0.10686053252906387,3000.0,False,7.666832660013924
phase3,C3,sgd,24,"(('B', 16), ('eta', 0.1))",1020,True,0.08936495261758852,0.005711327880141942,213.00000000002407,False,1000,5.411431202999665,0,d807a6040d4de0fbf50348f4062a1bcd50e51342,3ba111601d281080ce3d177b9040529917015265,0.12434058146283467,0.9666666666666667,0.9664520369615974,,0.10686053252906387,41.999999999999524,True,15.646965905828463
phase3,C3,sgd,24,"(('B', 16), ('eta', 0.1))",1021,True,0.06015455053322772,0.00267506437743753,425.99999999997914,False,1000,5.478670356998919,0,159a181835f663c0e3e4da4d0a8a2d6456d93f2e,12f4196226859440d103f2ef43bbf3748f22f3db,0.1221491035622562,0.9722222222222222,0.9722220767290501,,0.10686053252906387,26.99999999999974,True,22.487141259325632
phase3,C3,sgd,24,"(('B', 16), ('eta', 0.1))",1022,True,0.10164755308822361,0.006051928319757499,198.00000000001953,False,1000,5.6278376469999785,0,7acd9c4d2c7b958b9e5d20b8fcb7b3d360f082b1,4eb351bab6493681caddf1161c640a7dc0a1b524,0.12810553859500287,0.9638888888888889,0.9636176570959855,,0.10686053252906387,86.99999999999889,True,16.795895079652336
phase3,C3,sgd,24,"(('B', 16), ('eta', 0.1))",1023,True,0.12530207225401394,0.011236497439066566,125.99999999999834,False,1000,5.472342880995711,0,c5207fe71ab8fbbc78b48b8a0f208a339dd4862a,a37811f7523c99e123a19b864958396c1345536c,0.1280148639954178,0.9694444444444444,0.9692428485080814,,0.10686053252906387,3000.0,False,11.151346131968948
phase3,C3,sgd,24,"(('B', 16), ('eta', 0.1))",1024,True,0.1138980721658582,0.013184684052592646,104.99999999999864,False,1000,5.581524472989258,0,37f03925374a7bb1e1fadd22d1bc287a95eec13b,6981cee5c4d470e8bb574ef84f3ad3302b93f9b8,0.14537876197385843,0.9666666666666667,0.9666967662240671,,0.10686053252906387,3000.0,False,8.638665265813572
phase3,C3,sgd,24,"(('B', 16), ('eta', 0.1))",1025,True,0.08298046233528736,0.0029557371932125887,395.99999999998937,False,1000,5.57226527199964,0,ecc20017e14f4359d8d271944f114956b256091f,052ad7a46a2ef43378e0bdb069eeb59221242854,0.14438729041360585,0.9583333333333334,0.9580464315255991,,0.10686053252906387,50.999999999999396,True,28.07437093048721
phase3,C3,sgd,24,"(('B', 16), ('eta', 0.1))",1026,True,0.12679723164355683,0.017287532501315834,89.99999999999885,False,1000,5.582419903992559,0,89accfdb7b146fa1fd470cf363d747c71d7bb1ed,fa322a98eb982957f575caf84d29d98d1c955c89,0.17634105853177096,0.9583333333333334,0.9585705444906093,,0.10686053252906387,3000.0,False,7.334605539217682
phase3,C3,sgd,24,"(('B', 16), ('eta', 0.1))",1027,True,0.09551454072138371,0.0046501820170538645,252.0000000000359,False,1000,5.335542924003676,0,cc892803ddc87cb379b27cd6f6bf22f25a87e833,5c3a895c9651706fb71ad1c1becc89c59e315196,0.12683666761326695,0.9666666666666667,0.9664901335749259,,0.10686053252906387,50.999999999999396,True,20.539957440611584
phase3,C3,sgd,24,"(('B', 16), ('eta', 0.1))",1028,True,0.09366172673525873,0.0021217085670758623,494.9999999999556,False,1000,5.397448560004705,0,9a799a7a51e7924f92457a8da0ae1c67edbfb46e,5455215e2cf34d715cb028b56ddca6a18e8fb6e2,0.1423107695921039,0.9638888888888889,0.9638032614042986,,0.10686053252906387,71.9999999999991,True,44.144482512196895
phase3,C3,sgd,24,"(('B', 16), ('eta', 0.1))",1029,True,0.13631270456610112,0.016904840075470273,83.99999999999893,False,1000,5.277788209001301,0,4416d3023291f5938089e59be994d04c374127aa,a29b94c2d9c586da211631bbf51b00e64ce76047,0.17788854607776758,0.9527777777777777,0.9526420331044999,,0.10686053252906387,3000.0,False,8.063531151879829
phase3,C3,scg,24,"(('lambda_0', 1e-08), ('sigma', 1e-06))",1000,True,0.11240520442311541,0.00032459056613016063,171.0,False,117,0.18346259799727704,2,863a353bdb73d8d029f33f6e08cb5ec28141f2a3,06ccd15f233d0890a546ce7bd7c5f2bf6b87207a,0.1691703149937911,0.9694444444444444,0.9692003097862167,,0.10686053252906387,3000.0,False,346.2984330174309
phase3,C3,scg,24,"(('lambda_0', 1e-08), ('sigma', 1e-06))",1001,True,0.11114334723595792,0.014647076913892564,80.0,False,153,0.25311569099721964,3,889c3b30159c5d135f9097e2abde0efeae2dfc4f,de9684450e9e159af5b34cbf4c28bf1ab66233d7,0.12477744229264398,0.9638888888888889,0.9637271144489313,,0.10686053252906387,3000.0,False,7.588090640156323
phase3,C3,scg,24,"(('lambda_0', 1e-08), ('sigma', 1e-06))",1002,True,0.11207062460044591,0.003406995939033824,108.0,False,119,0.1934696160024032,0,4d9230f11760751aacb90ff0801ab1b34735b773,9d477cf7ff8e7fe4f4f139c58d3b6dfea6822164,0.1865251049931679,0.95,0.9500020193562543,,0.10686053252906387,3000.0,False,32.894264215714784
phase3,C3,scg,24,"(('lambda_0', 1e-08), ('sigma', 1e-06))",1003,True,0.1558260644160165,0.0019530499872161158,123.0,False,127,0.24169388299924321,0,3df68959f09205302fd545ae96494ea4621b68c2,40b4b31549a8a8f87d45c0b423b4f41a7224d679,0.1531544135253689,0.9666666666666667,0.9664957560697516,,0.10686053252906387,3000.0,False,79.78600928598429
phase3,C3,scg,24,"(('lambda_0', 1e-08), ('sigma', 1e-06))",1004,True,0.08825067653311618,0.007459972578349453,94.0,False,117,0.2024478990060743,0,fcef3f33ea417cb77359e069ea0d6b0f0b32940c,b3a457a4abd798cbb3bda8be0a9225308388c818,0.1561687989484112,0.95,0.9497673138437678,,0.10686053252906387,66.0,True,11.829892885831756
phase3,C3,scg,24,"(('lambda_0', 1e-08), ('sigma', 1e-06))",1005,True,0.11150507255563795,0.005070233291221656,115.0,False,131,0.22121062899532262,3,ed298a19439a5ff4b3488d6490f5aac5149a2f00,377187e3298fc8db0cd68a0b7d3a694a6a0068ee,0.17250790558458068,0.9527777777777777,0.9527410789141447,,0.10686053252906387,3000.0,False,21.99209901222734
phase3,C3,scg,24,"(('lambda_0', 1e-08), ('sigma', 1e-06))",1006,True,0.07480355055137836,0.0031076789937976705,122.0,False,135,0.2686486980092013,6,ba11f5ce069dbff0c67d2d89782c434059e57637,a99134000d4c4cb1b0416ef8839e06519d42d7ee,0.1790443561020215,0.9611111111111111,0.9609324887134058,,0.10686053252906387,66.0,True,24.07055255728531
phase3,C3,scg,24,"(('lambda_0', 1e-08), ('sigma', 1e-06))",1007,True,0.09229674916219797,7.280775249709138e-05,206.0,False,142,0.244069861000753,3,8f47a6632f1e87e58e8655cb35d6ca7b87a4f56f,80bf1c849c164fe97e40912ca1ae8bc0bb130fd3,0.19411942917968933,0.9527777777777777,0.952494410459534,,0.10686053252906387,87.0,True,1267.6774930785725
phase3,C3,scg,24,"(('lambda_0', 1e-08), ('sigma', 1e-06))",1008,True,0.1061302798938996,0.009706161054369961,94.0,False,121,0.1933596419985406,1,02f319a3647b5c067dcf7bdffb3af18c830aca2e,94c296b4bfeb50abcce42804b1e5ceb31fe6dab7,0.14103489908538241,0.9611111111111111,0.9613067429652012,,0.10686053252906387,94.0,True,10.934320922494589
phase3,C3,scg,24,"(('lambda_0', 1e-08), ('sigma', 1e-06))",1009,True,0.07084715113276166,0.0066276256574861764,101.0,False,122,0.20136966700374614,1,14cdc6448ff781bfda350dee662e7dc184254746,132f8ed6d1a9d03d62819a0d8131354dda6a7306,0.14251074376667927,0.9666666666666667,0.9665332718799858,,0.10686053252906387,59.0,True,10.689673013251266
phase3,C3,scg,24,"(('lambda_0', 1e-08), ('sigma', 1e-06))",1010,True,0.09102070597473588,0.0071224840296264655,101.0,False,135,0.21940328799246345,2,924885c1b7104892a1a10ccff7e39d8b709c7439,1091bea823c12d7116aab77b0bfca53a09ba9326,0.15870315386631623,0.9638888888888889,0.9638285279214236,,0.10686053252906387,73.0,True,12.779348552573646
phase3,C3,scg,24,"(('lambda_0', 1e-08), ('sigma', 1e-06))",1011,True,0.08795600131895995,0.01552967032637509,87.0,False,136,0.24991280000540428,3,ee7f5b46ccd34f6f7da4f631e032b179565ccfc8,ea5130905fcc703f681f2cdab240c73aa7cec80d,0.14256216909298847,0.9694444444444444,0.9694841236714467,,0.10686053252906387,66.0,True,5.66373911811755
phase3,C3,scg,24,"(('lambda_0', 1e-08), ('sigma', 1e-06))",1012,True,0.05424398518255618,0.0020042407192429855,136.0,False,145,0.23500721500022337,4,642163844277ca55b68b57e67eaee4ceda351f91,8cd97fe81d23f69d027739d5220ca99355524227,0.13832654542061923,0.9611111111111111,0.960832312320492,,0.10686053252906387,66.0,True,27.064605893769325
phase3,C3,scg,24,"(('lambda_0', 1e-08), ('sigma', 1e-06))",1013,True,0.1075267141740358,0.006915897765762079,94.0,False,114,0.204253076997702,0,df7a2e83288138401c1a06c82fa86a27572c04de,a7cec1b421cd3aee06cd17d55e1fa583f713329a,0.11811486158513823,0.9611111111111111,0.9608479705786458,,0.10686053252906387,3000.0,False,15.547759353291594
phase3,C3,scg,24,"(('lambda_0', 1e-08), ('sigma', 1e-06))",1014,True,0.11435001891751215,0.00581622272390037,108.0,False,126,0.21454326900129672,0,09dfe45c2bd31f02a107543dd72cbbac870ceb97,4709af65c51b6c986dea9d875a071713afe37e33,0.18811663077403465,0.9527777777777777,0.9525421360605364,,0.10686053252906387,3000.0,False,19.660529581788232
phase3,C3,scg,24,"(('lambda_0', 1e-08), ('sigma', 1e-06))",1015,True,0.1055804390920514,0.021708276813934658,73.0,False,125,0.23223295499337837,1,ad80b7b7260ca864f0c1cc733968896f14e291ab,04625e42e63de71771632bb92a74dd2a9f29975c,0.14212530753428818,0.9611111111111111,0.9608334642148784,,0.10686053252906387,73.0,True,4.863602947253684
phase3,C3,scg,24,"(('lambda_0', 1e-08), ('sigma', 1e-06))",1016,True,0.10760609171864921,0.0026545890327556963,122.0,False,147,0.2344244069972774,1,5a80160aa99675e16a9873b9d14d46a28141a250,0c3b1cd7a6a4b6425cb9227ebaf56f1eca25407c,0.14188831340846572,0.9611111111111111,0.9608000009844841,,0.10686053252906387,3000.0,False,40.53587594571829
phase3,C3,scg,24,"(('lambda_0', 1e-08), ('sigma', 1e-06))",1017,True,0.07314314102103806,0.014066791672781274,87.0,False,142,0.23396352499548811,2,59d340434d4b9a22fb56250bc71d26cab88cda3b,4e1ecedc595913a1854c534cc06bd3a85da0696e,0.1354082091121825,0.9666666666666667,0.966497005568631,,0.10686053252906387,52.0,True,5.199703153531971
phase3,C3,scg,24,"(('lambda_0', 1e-08), ('sigma', 1e-06))",1018,True,0.12776099204138766,0.004948550318596988,108.0,False,125,0.213191666000057,1,6bbe3abc0d66fb14484238b2332153cdb338a41b,9c3a8f065d1a64a2138a2b625a17ccbb4dabbd81,0.12709922005401508,0.9666666666666667,0.9666375733134593,,0.10686053252906387,3000.0,False,25.81786256901404
phase3,C3,scg,24,"(('lambda_0', 1e-08), ('sigma', 1e-06))",1019,True,0.17631437448405826,0.02795499098190001,73.0,False,125,0.21272230098838918,0,3b1039d5ed9b33f1e8ebeb41a2cd0a7b39308cdc,fcbd95f6134bf28d511945838862152ffc39958d,0.15117235157830142,0.9611111111111111,0.9609520623096112,,0.10686053252906387,3000.0,False,6.307080356356271
phase3,C3,scg,24,"(('lambda_0', 1e-08), ('sigma', 1e-06))",1020,True,0.08585241225674978,0.009444697460128567,94.0,False,130,0.21700027500628494,1,d807a6040d4de0fbf50348f4062a1bcd50e51342,3ba111601d281080ce3d177b9040529917015265,0.11972680263374959,0.9666666666666667,0.9660028117755303,,0.10686053252906387,52.0,True,9.090011894947569
phase3,C3,scg,24,"(('lambda_0', 1e-08), ('sigma', 1e-06))",1021,True,0.0703253483703217,0.009188289998701962,87.0,False,104,0.16371291100222152,0,159a181835f663c0e3e4da4d0a8a2d6456d93f2e,12f4196226859440d103f2ef43bbf3748f22f3db,0.12555114584408894,0.9611111111111111,0.9612263494601502,,0.10686053252906387,59.0,True,7.653801564845757
phase3,C3,scg,24,"(('lambda_0', 1e-08), ('sigma', 1e-06))",1022,True,0.12282157880226101,0.008731690580867243,101.0,False,142,0.2234141049993923,1,7acd9c4d2c7b958b9e5d20b8fcb7b3d360f082b1,4eb351bab6493681caddf1161c640a7dc0a1b524,0.1558186144024245,0.9694444444444444,0.9693106162223426,,0.10686053252906387,3000.0,False,14.066185427067916
phase3,C3,scg,24,"(('lambda_0', 1e-08), ('sigma', 1e-06))",1023,True,0.15340275655056954,0.021620146055932734,80.0,False,120,0.21972753599402495,1,c5207fe71ab8fbbc78b48b8a0f208a339dd4862a,a37811f7523c99e123a19b864958396c1345536c,0.15591382488708144,0.9583333333333334,0.9581362741604418,,0.10686053252906387,3000.0,False,7.095361712807423
phase3,C3,scg,24,"(('lambda_0', 1e-08), ('sigma', 1e-06))",1024,True,0.10619435088409195,0.011587279904915714,87.0,False,114,0.18801436900685076,0,37f03925374a7bb1e1fadd22d1bc287a95eec13b,6981cee5c4d470e8bb574ef84f3ad3302b93f9b8,0.1524278854440413,0.9611111111111111,0.9609893073022283,,0.10686053252906387,87.0,True,9.164735102242652
phase3,C3,scg,24,"(('lambda_0', 1e-08), ('sigma', 1e-06))",1025,True,0.11973971185943842,0.0003377013683759301,164.0,False,132,0.23088825299055316,1,ecc20017e14f4359d8d271944f114956b256091f,052ad7a46a2ef43378e0bdb069eeb59221242854,0.1664288532557089,0.9694444444444444,0.9692050444337106,,0.10686053252906387,3000.0,False,354.572776637801
phase3,C3,scg,24,"(('lambda_0', 1e-08), ('sigma', 1e-06))",1026,True,0.1400076347725671,0.012452942453554657,87.0,False,126,0.22230048599885777,1,89accfdb7b146fa1fd470cf363d747c71d7bb1ed,fa322a98eb982957f575caf84d29d98d1c955c89,0.1897898714109603,0.9555555555555556,0.9557065755012351,,0.10686053252906387,3000.0,False,11.242935980371637
phase3,C3,scg,24,"(('lambda_0', 1e-08), ('sigma', 1e-06))",1027,True,0.09258388636145423,0.003658503941411526,115.0,False,136,0.24842636099492665,1,cc892803ddc87cb379b27cd6f6bf22f25a87e833,5c3a895c9651706fb71ad1c1becc89c59e315196,0.148628779648726,0.9666666666666667,0.9664667244884692,,0.10686053252906387,73.0,True,25.30648807384733
phase3,C3,scg,24,"(('lambda_0', 1e-08), ('sigma', 1e-06))",1028,True,0.10506461165947173,0.0032563139522696653,122.0,False,122,0.20457723700383212,0,9a799a7a51e7924f92457a8da0ae1c67edbfb46e,5455215e2cf34d715cb028b56ddca6a18e8fb6e2,0.13884802605484667,0.9666666666666667,0.9666428378159034,,0.10686053252906387,108.0,True,32.26489005651351
phase3,C3,scg,24,"(('lambda_0', 1e-08), ('sigma', 1e-06))",1029,True,0.14825434900335857,0.015114134704722268,80.0,False,122,0.21233600500272587,0,4416d3023291f5938089e59be994d04c374127aa,a29b94c2d9c586da211631bbf51b00e64ce76047,0.19929518181838918,0.9444444444444444,0.9446189718086819,,0.10686053252906387,3000.0,False,9.808986878821313
phase3,C3,leapfrog,24,"(('delta', 0.1), ('dt0', 1.0))",1000,True,0.12430473510037239,0.005148159499210633,375.0,False,249,0.244202440007939,0,863a353bdb73d8d029f33f6e08cb5ec28141f2a3,06ccd15f233d0890a546ce7bd7c5f2bf6b87207a,0.16725637629592663,0.9666666666666667,0.9663184008557344,,0.10686053252906387,3000.0,False,24.14547084631547
phase3,C3,leapfrog,24,"(('delta', 0.1), ('dt0', 1.0))",1001,True,0.108751631212311,0.010057097748212883,339.0,False,246,0.2220276739972178,0,889c3b30159c5d135f9097e2abde0efeae2dfc4f,de9684450e9e159af5b34cbf4c28bf1ab66233d7,0.12085817295191854,0.9638888888888889,0.9637606154430387,,0.10686053252906387,3000.0,False,10.813420922714592
phase3,C3,leapfrog,24,"(('delta', 0.1), ('dt0', 1.0))",1002,True,0.10332335843331236,0.005952061784463869,351.0,False,237,0.23148715199204162,0,4d9230f11760751aacb90ff0801ab1b34735b773,9d477cf7ff8e7fe4f4f139c58d3b6dfea6822164,0.17868419624151274,0.9527777777777777,0.9526623969846215,,0.10686053252906387,309.0,True,17.359255023697507
phase3,C3,leapfrog,24,"(('delta', 0.1), ('dt0', 1.0))",1003,True,0.11178999075004852,0.007253986171354764,357.0,False,243,0.20806030699168332,0,3df68959f09205302fd545ae96494ea4621b68c2,40b4b31549a8a8f87d45c0b423b4f41a7224d679,0.15307922520875425,0.9611111111111111,0.9608380049668878,,0.10686053252906387,3000.0,False,15.410835933420378
phase3,C3,leapfrog,24,"(('delta', 0.1), ('dt0', 1.0))",1004,True,0.08611211902080519,0.0099724098067219,342.0,False,238,0.21131652600888629,0,fcef3f33ea417cb77359e069ea0d6b0f0b32940c,b3a457a4abd798cbb3bda8be0a9225308388c818,0.13079172904840056,0.9666666666666667,0.966476727433929,,0.10686053252906387,249.0,True,8.635036133669653
phase3,C3,leapfrog,24,"(('delta', 0.1), ('dt0', 1.0))",1005,True,0.10860231664111634,0.00583008147212716,372.0,False,267,0.24161161700612865,0,ed298a19439a5ff4b3488d6490f5aac5149a2f00,377187e3298fc8db0cd68a0b7d3a694a6a0068ee,0.16412094048968884,0.9555555555555556,0.9553961501860149,,0.10686053252906387,3000.0,False,18.627924354115716
phase3,C3,leapfrog,24,"(('delta', 0.1), ('dt0', 1.0))",1006,True,0.07746875330183425,0.0019791074926355456,423.0,False,356,0.3163203689910006,0,ba11f5ce069dbff0c67d2d89782c434059e57637,a99134000d4c4cb1b0416ef8839e06519d42d7ee,0.17211318898286015,0.9583333333333334,0.9581704458760558,,0.10686053252906387,270.0,True,39.14327725507742
phase3,C3,leapfrog,24,"(('delta', 0.1), ('dt0', 1.0))",1007,True,0.08688798521074574,0.003428168301112427,405.0,False,258,0.2380433729995275,0,8f47a6632f1e87e58e8655cb35d6ca7b87a4f56f,80bf1c849c164fe97e40912ca1ae8bc0bb130fd3,0.15801719660264482,0.9555555555555556,0.9555231466962125,,0.10686053252906387,288.0,True,25.34530909189929
phase3,C3,leapfrog,24,"(('delta', 0.1), ('dt0', 1.0))",1008,True,0.0919003093912894,0.006761574498575958,360.0,False,247,0.23579538699414115,0,02f319a3647b5c067dcf7bdffb3af18c830aca2e,94c296b4bfeb50abcce42804b1e5ceb31fe6dab7,0.15680574314416648,0.9611111111111111,0.9609103024328138,,0.10686053252906387,276.0,True,13.591554660921705
phase3,C3,leapfrog,24,"(('delta', 0.1), ('dt0', 1.0))",1009,True,0.07376607884063723,0.009460907268844536,348.0,False,312,0.2702107210061513,0,14cdc6448ff781bfda350dee662e7dc184254746,132f8ed6d1a9d03d62819a0d8131354dda6a7306,0.13653299758189455,0.9666666666666667,0.9669036427552145,,0.10686053252906387,249.0,True,7.796934981442462
phase3,C3,leapfrog,24,"(('delta', 0.1), ('dt0', 1.0))",1010,True,0.08499915694065385,0.008876468069301943,348.0,False,235,0.21463710800162517,0,924885c1b7104892a1a10ccff7e39d8b709c7439,1091bea823c12d7116aab77b0bfca53a09ba9326,0.14246667049083359,0.9638888888888889,0.9638814291814484,,0.10686053252906387,261.0,True,9.575785805461507
phase3,C3,leapfrog,24,"(('delta', 0.1), ('dt0', 1.0))",1011,True,0.0968330446971055,0.01302174416827299,339.0,False,243,0.2261047049978515,0,ee7f5b46ccd34f6f7da4f631e032b179565ccfc8,ea5130905fcc703f681f2cdab240c73aa7cec80d,0.13240088147746915,0.9722222222222222,0.9722278686030761,,0.10686053252906387,270.0,True,7.436257650725141
phase3,C3,leapfrog,24,"(('delta', 0.1), ('dt0', 1.0))",1012,True,0.06907302143868498,0.0003150009265789692,516.0,False,248,0.22927399100444745,0,642163844277ca55b68b57e67eaee4ceda351f91,8cd97fe81d23f69d027739d5220ca99355524227,0.146937760275357,0.9694444444444444,0.9692757291169407,,0.10686053252906387,267.0,True,219.2787881256238
phase3,C3,leapfrog,24,"(('delta', 0.1), ('dt0', 1.0))",1013,True,0.09406997115724486,0.007006480859837903,357.0,False,243,0.228538513998501,0,df7a2e83288138401c1a06c82fa86a27572c04de,a7cec1b421cd3aee06cd17d55e1fa583f713329a,0.10794782853178059,0.9722222222222222,0.9721926363834751,,0.10686053252906387,282.0,True,13.426136892268795
phase3,C3,leapfrog,24,"(('delta', 0.1), ('dt0', 1.0))",1014,True,0.10249991733399999,0.00864865555061986,360.0,False,254,0.24372412500088103,0,09dfe45c2bd31f02a107543dd72cbbac870ceb97,4709af65c51b6c986dea9d875a071713afe37e33,0.16501065522220687,0.9638888888888889,0.9638171510186803,,0.10686053252906387,315.0,True,11.851543483732993
phase3,C3,leapfrog,24,"(('delta', 0.1), ('dt0', 1.0))",1015,True,0.1025753053780566,0.009214991821401222,360.0,False,256,0.2442478180018952,0,ad80b7b7260ca864f0c1cc733968896f14e291ab,04625e42e63de71771632bb92a74dd2a9f29975c,0.13061786275305315,0.9555555555555556,0.9553876475952666,,0.10686053252906387,306.0,True,11.131350669224915
phase3,C3,leapfrog,24,"(('delta', 0.1), ('dt0', 1.0))",1016,True,0.10405942591217174,0.003677875242516045,387.0,False,238,0.24400326100294478,0,5a80160aa99675e16a9873b9d14d46a28141a250,0c3b1cd7a6a4b6425cb9227ebaf56f1eca25407c,0.12939792557329174,0.9638888888888889,0.9637254718787602,,0.10686053252906387,345.0,True,28.293353920559955
phase3,C3,leapfrog,24,"(('delta', 0.1), ('dt0', 1.0))",1017,True,0.07534918710785217,0.007424643733733693,366.0,False,249,0.2424181660026079,0,59d340434d4b9a22fb56250bc71d26cab88cda3b,4e1ecedc595913a1854c534cc06bd3a85da0696e,0.12580724444250074,0.9666666666666667,0.9665765778181367,,0.10686053252906387,246.0,True,10.148525614165825
phase3,C3,leapfrog,24,"(('delta', 0.1), ('dt0', 1.0))",1018,True,0.12178660260643895,0.008062904048234785,354.0,False,239,0.2483345759974327,0,6bbe3abc0d66fb14484238b2332153cdb338a41b,9c3a8f065d1a64a2138a2b625a17ccbb4dabbd81,0.11728768224875517,0.9694444444444444,0.9693861837829575,,0.10686053252906387,3000.0,False,15.104558094437666
phase3,C3,leapfrog,24,"(('delta', 0.1), ('dt0', 1.0))",1019,True,0.16587615250548798,0.028924374465294084,297.0,False,256,0.23053193700616248,0,3b1039d5ed9b33f1e8ebeb41a2cd0a7b39308cdc,fcbd95f6134bf28d511945838862152ffc39958d,0.15199622749935096,0.9666666666666667,0.9666386451937518,,0.10686053252906387,3000.0,False,5.734822466239339
phase3,C3,leapfrog,24,"(('delta', 0.1), ('dt0', 1.0))",1020,True,0.09049079965921263,0.006239389569194223,366.0,False,230,0.21025160100543872,0,d807a6040d4de0fbf50348f4062a1bcd50e51342,3ba111601d281080ce3d177b9040529917015265,0.12583326518559812,0.9694444444444444,0.9691508195796302,,0.10686053252906387,261.0,True,14.50314949173769
phase3,C3,leapfrog,24,"(('delta', 0.1), ('dt0', 1.0))",1021,True,0.06626912373665143,0.005178234653342784,381.0,False,241,0.21876073199382517,0,159a181835f663c0e3e4da4d0a8a2d6456d93f2e,12f4196226859440d103f2ef43bbf3748f22f3db,0.12705578910979495,0.9694444444444444,0.9695430359773629,,0.10686053252906387,243.0,True,12.797628569008886
phase3,C3,leapfrog,24,"(('delta', 0.1), ('dt0', 1.0))",1022,True,0.1047177695480061,0.008353986790947242,360.0,False,242,0.23521304299356416,0,7acd9c4d2c7b958b9e5d20b8fcb7b3d360f082b1,4eb351bab6493681caddf1161c640a7dc0a1b524,0.13022611512907795,0.9638888888888889,0.9636176570959855,,0.10686053252906387,333.0,True,12.53506525309365
phase3,C3,leapfrog,24,"(('delta', 0.1), ('dt0', 1.0))",1023,True,0.13095173790102158,0.015437461112388005,330.0,False,250,0.22541450599965174,0,c5207fe71ab8fbbc78b48b8a0f208a339dd4862a,a37811f7523c99e123a19b864958396c1345536c,0.12714136872419604,0.9666666666666667,0.9665135356195351,,0.10686053252906387,3000.0,False,8.482725037988114
phase3,C3,leapfrog,24,"(('delta', 0.1), ('dt0', 1.0))",1024,True,0.11312337820363096,0.012181562353417354,333.0,False,235,0.21311642799992114,0,37f03925374a7bb1e1fadd22d1bc287a95eec13b,6981cee5c4d470e8bb574ef84f3ad3302b93f9b8,0.14589014084252658,0.9666666666666667,0.9666967662240671,,0.10686053252906387,3000.0,False,9.286442487559562
phase3,C3,leapfrog,24,"(('delta', 0.1), ('dt0', 1.0))",1025,True,0.07928617321223785,0.002389128036669364,420.0,False,242,0.22650773699569982,0,ecc20017e14f4359d8d271944f114956b256091f,052ad7a46a2ef43378e0bdb069eeb59221242854,0.14321914881654313,0.9583333333333334,0.9580464315255991,,0.10686053252906387,288.0,True,33.18623865917589
phase3,C3,leapfrog,24,"(('delta', 0.1), ('dt0', 1.0))",1026,True,0.13236590203917975,0.014358250754956798,327.0,False,284,0.24989281898888294,0,89accfdb7b146fa1fd470cf363d747c71d7bb1ed,fa322a98eb982957f575caf84d29d98d1c955c89,0.18123768795480188,0.9555555555555556,0.9557151026608869,,0.10686053252906387,3000.0,False,9.218804177346186
phase3,C3,leapfrog,24,"(('delta', 0.1), ('dt0', 1.0))",1027,True,0.09322487106873356,0.004684040496109718,378.0,False,244,0.2112720909935888,0,cc892803ddc87cb379b27cd6f6bf22f25a87e833,5c3a895c9651706fb71ad1c1becc89c59e315196,0.12594086961345635,0.9638888888888889,0.9635811697114371,,0.10686053252906387,282.0,True,19.90266120588849
phase3,C3,leapfrog,24,"(('delta', 0.1), ('dt0', 1.0))",1028,True,0.09651730623308982,0.0044779511280490375,375.0,False,239,0.22838416100421455,0,9a799a7a51e7924f92457a8da0ae1c67edbfb46e,5455215e2cf34d715cb028b56ddca6a18e8fb6e2,0.13858148095734452,0.9611111111111111,0.9610228473803962,,0.10686053252906387,297.0,True,21.553898975923097
phase3,C3,leapfrog,24,"(('delta', 0.1), ('dt0', 1.0))",1029,True,0.14214089250697198,0.023590668515006234,291.0,False,234,0.22622695199970622,0,4416d3023291f5938089e59be994d04c374127aa,a29b94c2d9c586da211631bbf51b00e64ce76047,0.1822539765489256,0.9444444444444444,0.9445243371373637,,0.10686053252906387,3000.0,False,6.025301589760159
phase3,FA1,sgd,8,"(('B', 1), ('eta', 0.01))",1000,True,0.011998075942241697,0.010759937230523032,2592.000000010157,False,1000,5.702977852008189,0,82fb0fd36dc25831390784f5fd61fc7ff82e7816,edb14bea6036dd46faeb52cd576096cf75542476,0.011509513650100485,,,0.9868959270511832,0.011513093650576893,3000.0,False,1.1150693247732337
phase3,FA1,sgd,8,"(('B', 1), ('eta', 0.01))",1001,True,0.009879030854074693,0.011810045336538236,2598.0000000102877,False,1000,5.755726670002332,0,b30fdc69090dba1d613e0e4f9445b44177689a51,42c56a1c8639ff3fc87aafa9046193fc475f2efa,0.012374983039160271,,,0.9865645558283315,0.011513093650576893,782.9999999994329,True,0.8364938975729993
phase3,FA1,sgd,8,"(('B', 1), ('eta', 0.01))",1002,True,0.011192736301262107,0.011809906975465507,2982.0000000186697,False,1000,5.460941078010364,0,4affa0a208b06498b394add5239adde01f9e18b7,7a442328d2be0f70ec6eb8da59648aae072db130,0.012847715268717485,,,0.9859519234290359,0.011513093650576893,1910.999999998407,True,0.9477412755675771
phase3,FA1,sgd,8,"(('B', 1), ('eta', 0.01))",1003,True,0.009594893660868136,0.011434081841469127,995.9999999992392,False,1000,5.386909773995285,0,600242bff43e4a71a3602a10e46cc6391afab112,996679cca6b32adafa3d0f4d8b3806bd85b6cfe4,0.011356416540193513,,,0.9863216412939362,0.011513093650576893,701.9999999995066,True,0.839148590494549
phase3,FA1,sgd,8,"(('B', 1), ('eta', 0.01))",1004,True,0.011477569757447228,0.012530268718077305,2832.0000000153955,False,1000,5.700481858992134,0,a0bcfc0d2e75cff8f89013ecab90223d5bf2a6f6,56374fd24c0dc17257e1a847e1dc8908081637ac,0.012645829377068048,,,0.9870311746802729,0.011513093650576893,2568.000000009633,True,0.9159875191574018
phase3,FA1,sgd,8,"(('B', 1), ('eta', 0.01))",1005,True,0.009509358599976725,0.011151989833407138,1910.999999998407,False,1000,5.6338349240104435,0,cbb348152d1690f79737162e5457d2d5710d6634,bd63671b5c3264cda0231d82bb830bd5051380c6,0.01155370360561462,,,0.9866387710602341,0.011513093650576893,890.9999999993347,True,0.852705099451426
phase3,FA1,sgd,8,"(('B', 1), ('eta', 0.01))",1006,True,0.015379684430688963,0.011355596146795714,2745.0000000134964,False,1000,5.789747893999447,0,651721947dd0fb09f18a718a85d94aa9a4073653,b4dac03d5d10fcf1aac4c44628e10a4b3e88edf7,0.012708233580959712,,,0.986675634461931,0.011513093650576893,3000.0,False,1.3543704999608281
phase3,FA1,sgd,8,"(('B', 1), ('eta', 0.01))",1007,True,0.00840212765531525,0.012071508111353607,2190.000000001382,False,1000,6.337458164998679,0,d04f4bb80d64637b9ce832816626a9edd18a0279,4ab2696505130a2c3ca358f6ace322e151efce7b,0.012022458395701614,,,0.9858674174560198,0.011513093650576893,743.9999999994684,True,0.6960296574222407
phase3,FA1,sgd,8,"(('B', 1), ('eta', 0.01))",1008,True,0.009744518853041917,0.01178276047192968,2883.0000000165087,False,1000,5.809295071987435,0,bb878f2f0364be4f03db7e40537ca93b8f68a042,b1f2256e6ff0f20c7431f359a9f888f76a333931,0.011100931081269362,,,0.9868639069945105,0.011513093650576893,938.999999999291,True,0.8270149322186843
phase3,FA1,sgd,8,"(('B', 1), ('eta', 0.01))",1009,True,0.01085033673787934,0.010271791747170165,2901.0000000169016,False,1000,6.102340729004936,0,18b8318aa03024da5efdc48883fa437fe5ce3039,1f020c631654d683ea53219ce5c7ccd9fb161003,0.01082159153279689,,,0.9871784364304116,0.011513093650576893,1625.9999999986662,True,1.056323668250825
phase3,FA1,sgd,8,"(('B', 1), ('eta', 0.01))",1010,True,0.011626644917364974,0.0106234091242971,2895.0000000167706,False,1000,6.128645831995527,0,dfc20efd4ee3de95066cd490241b7f0f3b077cce,3b84f1812565ac1effd67f231a948b1dda07d874,0.011622273294022127,,,0.9867304309041338,0.011513093650576893,3000.0,False,1.0944363321914568
phase3,FA1,sgd,8,"(('B', 1), ('eta', 0.01))",1011,True,0.013296493425639393,0.010868347747570978,1943.999999998377,False,1000,6.246373711997876,0,be65e7cff9d4c6be92deec3e2e771e40621debec,ab097bf3675080aa399055737bf7a923addbce6e,0.012520442917238049,,,0.9862059207695003,0.011513093650576893,3000.0,False,1.2234144264118798
phase3,FA1,sgd,8,"(('B', 1), ('eta', 0.01))",1012,True,0.01122121113024763,0.010287272519552209,2616.0000000106807,False,1000,6.042827874000068,0,340024b6feefe82596c2e3cfd7266a1b26b874f9,29f005845c9de00ac10081548a52a6d039178959,0.011203045822589557,,,0.9868693394250584,0.011513093650576893,1400.9999999988709,True,1.0907858335550418
phase3,FA1,sgd,8,"(('B', 1), ('eta', 0.01))",1013,True,0.012473299040155412,0.012547472777006258,2835.000000015461,False,1000,6.18543705099728,0,5022cd110e7e5587f17436683f7bafe1bb10682d,8ce9247cf29361645e4955f684f937138f8dab52,0.013170816887358862,,,0.9854178952882539,0.011513093650576893,3000.0,False,0.9940885516813575
phase3,FA1,sgd,8,"(('B', 1), ('eta', 0.01))",1014,True,0.012617672465059853,0.010255464649841157,2715.0000000128416,False,1000,6.1352576990029775,0,7c0af5adaa2d2aea0f8b9eaa907ebe058d6a2467,af1e0537b65040b5d6ee05d5649f118928a144fa,0.011564179146618715,,,0.9866439093371243,0.011513093650576893,3000.0,False,1.2303364982351417
phase3,FA1,sgd,8,"(('B', 1), ('eta', 0.01))",1015,True,0.012806418644290767,0.011171776860727976,2142.0000000003342,False,1000,6.26306329399813,0,17f681f911b6416548e77c3c82d6ed73c221d40c,59647b43b634ebefa067d842dab92b89d5d8fe25,0.012154477453893775,,,0.9871218907171696,0.011513093650576893,3000.0,False,1.146318871558295
phase3,FA1,sgd,8,"(('B', 1), ('eta', 0.01))",1016,True,0.012045110543228299,0.011153869092670403,1601.999999998688,False,1000,5.867009526991751,0,a15ae8f3f82b882ba6c201a2c8ed47e68c63084c,28251afc299aee689dd86dfdd8d40730442ad77d,0.01198187009235183,,,0.9866126913774265,0.011513093650576893,3000.0,False,1.079904241582283
phase3,FA1,sgd,8,"(('B', 1), ('eta', 0.01))",1017,True,0.012656464388946877,0.011204552824704384,2592.000000010157,False,1000,5.8765807210002095,0,7b63c35e55fb003c5d22c50655c0a550381adfeb,587b617b44bb947784b4d72d4e27d334c97f4929,0.012306295842209212,,,0.9865595965027166,0.011513093650576893,3000.0,False,1.129582285608154
phase3,FA1,sgd,8,"(('B', 1), ('eta', 0.01))",1018,True,0.012824005506936471,0.01087493767312303,2610.0000000105497,False,1000,6.017329417998553,0,cdb624998364ff906a25b284f196b73e37bc3447,87afb6255378113dc526770ba3b98618dd913df9,0.011529742971286441,,,0.9871295720890456,0.011513093650576893,3000.0,False,1.179225655575984
phase3,FA1,sgd,8,"(('B', 1), ('eta', 0.01))",1019,True,0.010257103959006413,0.013980248706016175,1316.9999999989473,False,1000,6.024117150998791,0,4558c11ae4b20f8b5c450565577e576e520b64b3,b34e9e17430177c01de1818b604139dcb3350654,0.013960174235026001,,,0.9847273973047755,0.011513093650576893,833.9999999993865,True,0.7336853710329512
phase3,FA1,sgd,8,"(('B', 1), ('eta', 0.01))",1020,True,0.011953257055888098,0.011517930021208347,2754.000000013693,False,1000,6.345900995991542,0,46f3575fb67a9d5935c435bb5586a6f7f7e13e68,a2ac81e6d28b3ddb1c7001ce22d8e4a6328c7e3d,0.011513934204203921,,,0.9868636840290481,0.011513093650576893,3000.0,False,1.0377955964203784
phase3,FA1,sgd,8,"(('B', 1), ('eta', 0.01))",1021,True,0.010476025549762227,0.011904901574929112,2679.000000012056,False,1000,6.178738724003779,0,520cac7e470cfa22727db405e4f4da6a4a601b75,93a6a9f8a6b2c2ef810f7565623cd62c839089d6,0.012706674330174767,,,0.9860960275954387,0.011513093650576893,902.9999999993238,True,0.87997582204493
phase3,FA1,sgd,8,"(('B', 1), ('eta', 0.01))",1022,True,0.01110418184466763,0.011114724991926547,2526.000000008716,False,1000,5.852906201995211,0,9bb3019c044d28bf02a8b763d2e1261f131f4fca,4cf856f24412efe1f263a20386b8384e1ebb9ab6,0.011613368704224502,,,0.9870242044190707,0.011513093650576893,1178.9999999990728,True,0.9990514252699392
phase3,FA1,sgd,8,"(('B', 1), ('eta', 0.01))",1023,True,0.013198253465802922,0.010556404035675891,2961.0000000182113,False,1000,6.343741028002114,0,761860403da1f61a01035e21fde94a26b5b45573,a8d594372ff16957809c21fd6e8282c328249889,0.012354380217017189,,,0.9858959962925934,0.011513093650576893,3000.0,False,1.25026035581802
phase3,FA1,sgd,8,"(('B', 1), ('eta', 0.01))",1024,True,0.01250280203081065,0.010819686334793565,2679.000000012056,False,1000,6.057723855992663,0,7fb5bdc2943a7384136bb43662252d8701f78414,ae34e8983d9a40254d5a895b7ec4c5499c4e5bc0,0.013039770059954839,,,0.9854759641909979,0.011513093650576893,3000.0,False,1.155560488902953
phase3,FA1,sgd,8,"(('B', 1), ('eta', 0.01))",1025,True,0.01155464937758269,0.01077656252242351,2535.0000000089126,False,1000,6.01762499200413,0,e666cc034378689a699d679b6050c6e5773a3197,4121370bc0277432acbcd84be116fe427596c8cb,0.011913705324057007,,,0.9863832102275427,0.011513093650576893,3000.0,False,1.072201766893679
phase3,FA1,sgd,8,"(('B', 1), ('eta', 0.01))",1026,True,0.010637270004498676,0.012566810329982291,2664.0000000117284,False,1000,5.889514185008011,0,bd7dcfb91b919e5701edf253511443d524e03568,ca155cd74e32ecf6d1cb670ebe3678b1075df125,0.011870405180831498,,,0.9870012978792617,0.011513093650576893,1769.9999999985353,True,0.8464574323302981
phase3,FA1,sgd,8,"(('B', 1), ('eta', 0.01))",1027,True,0.009303985308698004,0.011926132704738706,2829.00000001533,False,1000,6.161936005999451,0,e74ad1e1b1cc5d9e0bb0d70981db288fff3709d4,bb4642a0ece9dd84b4f6a49b550560530242d953,0.011795945820925533,,,0.9863253159404338,0.011513093650576893,1214.99999999904,True,0.7801343100099144
phase3,FA1,sgd,8,"(('B', 1), ('eta', 0.01))",1028,True,0.01135864684453715,0.011172262218083625,2895.0000000167706,False,1000,5.982632207000279,0,103a6ed98d27640e03081a1764cbcf76f7aedd72,63e789003b0557068b5b01dde9880184524906f5,0.012129009055048667,,,0.9865168066838091,0.011513093650576893,1919.9999999983988,True,1.0166828009238666
phase3,FA1,sgd,8,"(('B', 1), ('eta', 0.01))",1029,True,0.008688596194161402,0.01280812066637571,1394.9999999988763,False,1000,6.1647433070029365,0,ecbbb90002b0bebd2b345a86e9e47b37de7a4448,f6cdedb5156150b6869b53f93347f37eaa3574aa,0.013298661137247045,,,0.9852705320803149,0.011513093650576893,644.9999999995584,True,0.6783662037921756
phase3,FA1,scg,8,"(('lambda_0', 1e-07), ('sigma', 1e-06))",1000,True,0.012109959989944017,0.01017052888114097,2085.0,False,431,0.04351225699065253,0,82fb0fd36dc25831390784f5fd61fc7ff82e7816,edb14bea6036dd46faeb52cd576096cf75542476,0.011189147536732698,,,0.9872606775565066,0.011513093650576893,3000.0,False,1.1906912739217819
phase3,FA1,scg,8,"(('lambda_0', 1e-07), ('sigma', 1e-06))",1001,True,0.010061269635378199,0.011418793975677124,2922.0,False,432,0.050034650004818104,1,b30fdc69090dba1d613e0e4f9445b44177689a51,42c56a1c8639ff3fc87aafa9046193fc475f2efa,0.012046952014224765,,,0.9869206971263155,0.011513093650576893,1402.0,True,0.881114910804893
phase3,FA1,scg,8,"(('lambda_0', 1e-07), ('sigma', 1e-06))",1002,True,0.011498286974573658,0.010910077659248743,2254.0,False,432,0.043555602998821996,0,4affa0a208b06498b394add5239adde01f9e18b7,7a442328d2be0f70ec6eb8da59648aae072db130,0.012038339656270516,,,0.9868369189586311,0.011513093650576893,2254.0,True,1.0539143105756241
phase3,FA1,scg,8,"(('lambda_0', 1e-07), ('sigma', 1e-06))",1003,True,0.009759130426129987,0.010154829907015476,1191.0,False,430,0.04110647000197787,1,600242bff43e4a71a3602a10e46cc6391afab112,996679cca6b32adafa3d0f4d8b3806bd85b6cfe4,0.010383213284849679,,,0.9874938264787071,0.011513093650576893,922.0,True,0.9610333718527261
phase3,FA1,scg,8,"(('lambda_0', 1e-07), ('sigma', 1e-06))",1004,True,0.011547489104656994,0.01173045721602469,2878.0,False,430,0.04254578299878631,1,a0bcfc0d2e75cff8f89013ecab90223d5bf2a6f6,56374fd24c0dc17257e1a847e1dc8908081637ac,0.012543663284957311,,,0.9871359502677552,0.011513093650576893,3000.0,False,0.9844023035080213
phase3,FA1,scg,8,"(('lambda_0', 1e-07), ('sigma', 1e-06))",1005,True,0.009187466431692904,0.011001923648464484,1631.0,False,429,0.04531314899213612,2,cbb348152d1690f79737162e5457d2d5710d6634,bd63671b5c3264cda0231d82bb830bd5051380c6,0.010815268062047311,,,0.9874927315469882,0.011513093650576893,756.0,True,0.8350781849840577
phase3,FA1,scg,8,"(('lambda_0', 1e-07), ('sigma', 1e-06))",1006,True,0.015968404364380403,0.00995832454586265,2418.0,False,429,0.04122853399894666,2,651721947dd0fb09f18a718a85d94aa9a4073653,b4dac03d5d10fcf1aac4c44628e10a4b3e88edf7,0.012618931738526002,,,0.9867692659162342,0.011513093650576893,3000.0,False,1.6035231921633584
phase3,FA1,scg,8,"(('lambda_0', 1e-07), ('sigma', 1e-06))",1007,True,0.008613100323867752,0.010749556990533376,2647.0,False,430,0.04200631700223312,1,d04f4bb80d64637b9ce832816626a9edd18a0279,4ab2696505130a2c3ca358f6ace322e151efce7b,0.010976508709770162,,,0.987096947206654,0.011513093650576893,659.0,True,0.8012516545056602
phase3,FA1,scg,8,"(('lambda_0', 1e-07), ('sigma', 1e-06))",1008,True,0.010467799322640876,0.010098520568539217,2224.0,False,430,0.05750343699764926,2,bb878f2f0364be4f03db7e40537ca93b8f68a042,b1f2256e6ff0f20c7431f359a9f888f76a333931,0.010756300041877968,,,0.9872717201187323,0.011513093650576893,1643.0,True,1.0365676092448735
phase3,FA1,scg,8,"(('lambda_0', 1e-07), ('sigma', 1e-06))",1009,True,0.011604384524360785,0.009695417543838429,2230.0,False,429,0.06397681399539579,2,18b8318aa03024da5efdc48883fa437fe5ce3039,1f020c631654d683ea53219ce5c7ccd9fb161003,0.010707378641192523,,,0.987313757362248,0.011513093650576893,3000.0,False,1.196893735818065
phase3,FA1,scg,8,"(('lambda_0', 1e-07), ('sigma', 1e-06))",1010,True,0.010985441370701697,0.010633221668533279,1200.0,False,428,0.04696948699711356,3,dfc20efd4ee3de95066cd490241b7f0f3b077cce,3b84f1812565ac1effd67f231a948b1dda07d874,0.010840688960809176,,,0.9876227939600903,0.011513093650576893,1081.0,True,1.0331244577747059
phase3,FA1,scg,8,"(('lambda_0', 1e-07), ('sigma', 1e-06))",1011,True,0.013307978940897948,0.010439533925451208,1229.0,False,432,0.04216564699891023,1,be65e7cff9d4c6be92deec3e2e771e40621debec,ab097bf3675080aa399055737bf7a923addbce6e,0.011615620069023377,,,0.987202786306953,0.011513093650576893,3000.0,False,1.2747675361687913
phase3,FA1,scg,8,"(('lambda_0', 1e-07), ('sigma', 1e-06))",1012,True,0.011165284424593289,0.009982744212223985,2097.0,False,429,0.04095117999531794,0,340024b6feefe82596c2e3cfd7266a1b26b874f9,29f005845c9de00ac10081548a52a6d039178959,0.011038625495488157,,,0.987062050187915,0.011513093650576893,1354.0,True,1.1184584305907859
phase3,FA1,scg,8,"(('lambda_0', 1e-07), ('sigma', 1e-06))",1013,True,0.012006637542957818,0.010500370223569122,2227.0,False,430,0.0443821399967419,1,5022cd110e7e5587f17436683f7bafe1bb10682d,8ce9247cf29361645e4955f684f937138f8dab52,0.01186116740207088,,,0.9868678771757465,0.011513093650576893,3000.0,False,1.1434489724950583
phase3,FA1,scg,8,"(('lambda_0', 1e-07), ('sigma', 1e-06))",1014,True,0.012569832260132046,0.009699944638882784,2472.0,False,430,0.045630245993379503,1,7c0af5adaa2d2aea0f8b9eaa907ebe058d6a2467,af1e0537b65040b5d6ee05d5649f118928a144fa,0.011303615251726738,,,0.9869448485529153,0.011513093650576893,3000.0,False,1.2958663918292022
phase3,FA1,scg,8,"(('lambda_0', 1e-07), ('sigma', 1e-06))",1015,True,0.012913389757619733,0.010755886487462282,2622.0,False,433,0.04174624600273091,1,17f681f911b6416548e77c3c82d6ed73c221d40c,59647b43b634ebefa067d842dab92b89d5d8fe25,0.01236161749123469,,,0.9869024183418376,0.011513093650576893,3000.0,False,1.2005881405193677
phase3,FA1,scg,8,"(('lambda_0', 1e-07), ('sigma', 1e-06))",1016,True,0.012794470512405103,0.01081236719935719,1138.0,False,429,0.05550421700172592,1,a15ae8f3f82b882ba6c201a2c8ed47e68c63084c,28251afc299aee689dd86dfdd8d40730442ad77d,0.012373724719393287,,,0.9861748733417648,0.011513093650576893,3000.0,False,1.1833181648849063
phase3,FA1,scg,8,"(('lambda_0', 1e-07), ('sigma', 1e-06))",1017,True,0.012602482842482698,0.010485017138584747,2957.0,False,432,0.04870674999256153,3,7b63c35e55fb003c5d22c50655c0a550381adfeb,587b617b44bb947784b4d72d4e27d334c97f4929,0.012279919433442093,,,0.9865884036743615,0.011513093650576893,3000.0,False,1.201951572983672
phase3,FA1,scg,8,"(('lambda_0', 1e-07), ('sigma', 1e-06))",1018,True,0.012983291972354554,0.010039320098166476,2021.0,False,430,0.05752706200291868,2,cdb624998364ff906a25b284f196b73e37bc3447,87afb6255378113dc526770ba3b98618dd913df9,0.011740716997243866,,,0.9868940658857477,0.011513093650576893,3000.0,False,1.2932441485480424
phase3,FA1,scg,8,"(('lambda_0', 1e-07), ('sigma', 1e-06))",1019,True,0.011324329458447455,0.011316068063447478,1175.0,False,428,0.042050552990986034,3,4558c11ae4b20f8b5c450565577e576e520b64b3,b34e9e17430177c01de1818b604139dcb3350654,0.011413660682009514,,,0.9875133145217431,0.011513093650576893,1175.0,True,1.0007300587937131
phase3,FA1,scg,8,"(('lambda_0', 1e-07), ('sigma', 1e-06))",1020,True,0.01152790032658013,0.010433895909497226,893.0,False,429,0.04895518400007859,0,46f3575fb67a9d5935c435bb5586a6f7f7e13e68,a2ac81e6d28b3ddb1c7001ce22d8e4a6328c7e3d,0.011289481613272924,,,0.9871197633241593,0.011513093650576893,3000.0,False,1.1048509997197797
phase3,FA1,scg,8,"(('lambda_0', 1e-07), ('sigma', 1e-06))",1021,True,0.010916494343960848,0.010951399124948757,2968.0,False,429,0.05938833300024271,1,520cac7e470cfa22727db405e4f4da6a4a601b75,93a6a9f8a6b2c2ef810f7565623cd62c839089d6,0.011765212102090163,,,0.9871261999677753,0.011513093650576893,875.0,True,0.9968127560150383
phase3,FA1,scg,8,"(('lambda_0', 1e-07), ('sigma', 1e-06))",1022,True,0.0115526165561304,0.01037251434909591,2933.0,False,432,0.04400927299866453,0,9bb3019c044d28bf02a8b763d2e1261f131f4fca,4cf856f24412efe1f263a20386b8384e1ebb9ab6,0.011470386423710082,,,0.9871839607215616,0.011513093650576893,3000.0,False,1.113772048639041
phase3,FA1,scg,8,"(('lambda_0', 1e-07), ('sigma', 1e-06))",1023,True,0.012895049768018196,0.010606700277234397,854.0,False,431,0.05373806600982789,1,761860403da1f61a01035e21fde94a26b5b45573,a8d594372ff16957809c21fd6e8282c328249889,0.010977114649639992,,,0.9874683097819917,0.011513093650576893,3000.0,False,1.2157456542536023
phase3,FA1,scg,8,"(('lambda_0', 1e-07), ('sigma', 1e-06))",1024,True,0.01296192037623517,0.010136760416435226,1949.0,False,429,0.04551685799378902,2,7fb5bdc2943a7384136bb43662252d8701f78414,ae34e8983d9a40254d5a895b7ec4c5499c4e5bc0,0.011681389784527794,,,0.9869889635515566,0.011513093650576893,3000.0,False,1.2787044226890647
phase3,FA1,scg,8,"(('lambda_0', 1e-07), ('sigma', 1e-06))",1025,True,0.010978247470412912,0.01067596608965939,1556.0,False,431,0.0418222439911915,2,e666cc034378689a699d679b6050c6e5773a3197,4121370bc0277432acbcd84be116fe427596c8cb,0.011515063621479709,,,0.986838838439831,0.011513093650576893,1430.0,True,1.0283141945389194
phase3,FA1,scg,8,"(('lambda_0', 1e-07), ('sigma', 1e-06))",1026,True,0.010178101036335908,0.011248081727925404,2988.0,False,431,0.043980440008454025,0,bd7dcfb91b919e5701edf253511443d524e03568,ca155cd74e32ecf6d1cb670ebe3678b1075df125,0.012120423424733205,,,0.9867275150868701,0.011513093650576893,1056.0,True,0.9048743850310872
phase3,FA1,scg,8,"(('lambda_0', 1e-07), ('sigma', 1e-06))",1027,True,0.009774954988993629,0.011525690180266146,1771.0,False,432,0.044025166003848426,2,e74ad1e1b1cc5d9e0bb0d70981db288fff3709d4,bb4642a0ece9dd84b4f6a49b550560530242d953,0.011547255631743055,,,0.9866136149727802,0.011513093650576893,1645.0,True,0.848101487729554
phase3,FA1,scg,8,"(('lambda_0', 1e-07), ('sigma', 1e-06))",1028,True,0.010724581927111076,0.01086606924466099,2601.0,False,430,0.04645584100217093,0,103a6ed98d27640e03081a1764cbcf76f7aedd72,63e789003b0557068b5b01dde9880184524906f5,0.011758786678496825,,,0.9869283637904427,0.011513093650576893,1327.0,True,0.9869789788409977
phase3,FA1,scg,8,"(('lambda_0', 1e-07), ('sigma', 1e-06))",1029,True,0.008862444510968725,0.011483749704226241,1101.0,False,431,0.045811443007551134,1,ecbbb90002b0bebd2b345a86e9e47b37de7a4448,f6cdedb5156150b6869b53f93347f37eaa3574aa,0.012002699034253723,,,0.9867059271192713,0.011513093650576893,639.0,True,0.7717378677895752
phase3,FA1,leapfrog,8,"(('delta', 1.0), ('dt0', 1.0))",1000,True,0.011717665165249483,0.010476009986225013,1956.0,False,999,0.05956570401031058,0,82fb0fd36dc25831390784f5fd61fc7ff82e7816,edb14bea6036dd46faeb52cd576096cf75542476,0.011195901349511251,,,0.9872529880521519,0.011513093650576893,3000.0,False,1.1185236727205428
phase3,FA1,leapfrog,8,"(('delta', 1.0), ('dt0', 1.0))",1001,True,0.009714185463270021,0.011865545121135584,2739.0,False,999,0.06187086200225167,0,b30fdc69090dba1d613e0e4f9445b44177689a51,42c56a1c8639ff3fc87aafa9046193fc475f2efa,0.012001673208871506,,,0.9869698560511849,0.011513093650576893,657.0,True,0.8186885106497603
phase3,FA1,leapfrog,8,"(('delta', 1.0), ('dt0', 1.0))",1002,True,0.010086605883704379,0.012604300880120987,636.0,False,999,0.0713284169905819,0,4affa0a208b06498b394add5239adde01f9e18b7,7a442328d2be0f70ec6eb8da59648aae072db130,0.012331253990273672,,,0.9865166376551663,0.011513093650576893,549.0,True,0.8002511190138741
phase3,FA1,leapfrog,8,"(('delta', 1.0), ('dt0', 1.0))",1003,True,0.00944744604356685,0.010715009931744094,1239.0,False,999,0.065237838003668,0,600242bff43e4a71a3602a10e46cc6391afab112,996679cca6b32adafa3d0f4d8b3806bd85b6cfe4,0.011847480975071602,,,0.985730173425152,0.011513093650576893,759.0,True,0.8817020332923834
phase3,FA1,leapfrog,8,"(('delta', 1.0), ('dt0', 1.0))",1004,True,0.011632169747301,0.011949258571979003,2739.0,False,999,0.05769780599803198,0,a0bcfc0d2e75cff8f89013ecab90223d5bf2a6f6,56374fd24c0dc17257e1a847e1dc8908081637ac,0.012679882671983743,,,0.9869962516064156,0.011513093650576893,3000.0,False,0.9734637238981859
phase3,FA1,leapfrog,8,"(('delta', 1.0), ('dt0', 1.0))",1005,True,0.009310053080267316,0.01095378719051921,1125.0,False,999,0.0648509400052717,0,cbb348152d1690f79737162e5457d2d5710d6634,bd63671b5c3264cda0231d82bb830bd5051380c6,0.01133666040220806,,,0.9868897697035719,0.011513093650576893,765.0,True,0.8499391962193141
phase3,FA1,leapfrog,8,"(('delta', 1.0), ('dt0', 1.0))",1006,True,0.015343670157043634,0.01100303541978883,2388.0,False,999,0.05489011299505364,0,651721947dd0fb09f18a718a85d94aa9a4073653,b4dac03d5d10fcf1aac4c44628e10a4b3e88edf7,0.013404915440170244,,,0.9859451754491402,0.011513093650576893,3000.0,False,1.3944942983141018
phase3,FA1,leapfrog,8,"(('delta', 1.0), ('dt0', 1.0))",1007,True,0.0076239638215234015,0.011441581843172628,2112.0,False,999,0.05990623000252526,0,d04f4bb80d64637b9ce832816626a9edd18a0279,4ab2696505130a2c3ca358f6ace322e151efce7b,0.010771260836606893,,,0.9873382192006159,0.011513093650576893,1056.0,True,0.6663382673850068
phase3,FA1,leapfrog,8,"(('delta', 1.0), ('dt0', 1.0))",1008,True,0.009549972806000477,0.010591350654610986,2649.0,False,999,0.07104934999370016,0,bb878f2f0364be4f03db7e40537ca93b8f68a042,b1f2256e6ff0f20c7431f359a9f888f76a333931,0.011594031482235147,,,0.9862804052431069,0.011513093650576893,687.0,True,0.9016765771835585
phase3,FA1,leapfrog,8,"(('delta', 1.0), ('dt0', 1.0))",1009,True,0.011062914303597857,0.009754080403563055,975.0,False,999,0.12862802100426052,0,18b8318aa03024da5efdc48883fa437fe5ce3039,1f020c631654d683ea53219ce5c7ccd9fb161003,0.010909585784791313,,,0.9870741796866336,0.011513093650576893,783.0,True,1.1341832182925928
phase3,FA1,leapfrog,8,"(('delta', 1.0), ('dt0', 1.0))",1010,True,0.011114701346772551,0.01033802132165277,2280.0,False,999,0.06139935199462343,0,dfc20efd4ee3de95066cd490241b7f0f3b077cce,3b84f1812565ac1effd67f231a948b1dda07d874,0.011589565568841055,,,0.9867677744950372,0.011513093650576893,1056.0,True,1.075128499057459
phase3,FA1,leapfrog,8,"(('delta', 1.0), ('dt0', 1.0))",1011,True,0.013498632827499309,0.010766699757987401,2514.0,False,999,0.0837056789896451,0,be65e7cff9d4c6be92deec3e2e771e40621debec,ab097bf3675080aa399055737bf7a923addbce6e,0.013321958927567277,,,0.9853228709106352,0.011513093650576893,3000.0,False,1.2537391337104196
phase3,FA1,leapfrog,8,"(('delta', 1.0), ('dt0', 1.0))",1012,True,0.010769277274258195,0.010405661847588586,2418.0,False,999,0.06145282799843699,0,340024b6feefe82596c2e3cfd7266a1b26b874f9,29f005845c9de00ac10081548a52a6d039178959,0.011526372911113065,,,0.9864903801383325,0.011513093650576893,849.0,True,1.0349439979883521
phase3,FA1,leapfrog,8,"(('delta', 1.0), ('dt0', 1.0))",1013,True,0.011910088437126116,0.01066650943317218,2025.0,False,999,0.10437361100048292,0,5022cd110e7e5587f17436683f7bafe1bb10682d,8ce9247cf29361645e4955f684f937138f8dab52,0.011889051269802218,,,0.9868370054779237,0.011513093650576893,3000.0,False,1.1165872501913778
phase3,FA1,leapfrog,8,"(('delta', 1.0), ('dt0', 1.0))",1014,True,0.012449577182254503,0.010188410649490469,630.0,False,999,0.06438081100350246,0,7c0af5adaa2d2aea0f8b9eaa907ebe058d6a2467,af1e0537b65040b5d6ee05d5649f118928a144fa,0.01144976105324849,,,0.9867760569291973,0.011513093650576893,3000.0,False,1.2219351585398766
phase3,FA1,leapfrog,8,"(('delta', 1.0), ('dt0', 1.0))",1015,True,0.012763538168998367,0.010875802165868718,936.0,False,999,0.09239099200931378,0,17f681f911b6416548e77c3c82d6ed73c221d40c,59647b43b634ebefa067d842dab92b89d5d8fe25,0.01269956137226549,,,0.9865443545544071,0.011513093650576893,3000.0,False,1.1735721167358015
phase3,FA1,leapfrog,8,"(('delta', 1.0), ('dt0', 1.0))",1016,True,0.01174006654315347,0.010497469126966813,2661.0,False,999,0.08454232399526518,0,a15ae8f3f82b882ba6c201a2c8ed47e68c63084c,28251afc299aee689dd86dfdd8d40730442ad77d,0.012068757382154603,,,0.9865156124611135,0.011513093650576893,3000.0,False,1.1183711427161587
phase3,FA1,leapfrog,8,"(('delta', 1.0), ('dt0', 1.0))",1017,True,0.012666136363817564,0.010500325592408197,2568.0,False,999,0.07677181900362484,0,7b63c35e55fb003c5d22c50655c0a550381adfeb,587b617b44bb947784b4d72d4e27d334c97f4929,0.01297158401984188,,,0.9858329975598661,0.011513093650576893,3000.0,False,1.2062612965997228
phase3,FA1,leapfrog,8,"(('delta', 1.0), ('dt0', 1.0))",1018,True,0.012720775811482137,0.010270933049415289,1362.0,False,999,0.06106405900209211,0,cdb624998364ff906a25b284f196b73e37bc3447,87afb6255378113dc526770ba3b98618dd913df9,0.011924777580296952,,,0.9866886026354973,0.011513093650576893,3000.0,False,1.238521928853028
phase3,FA1,leapfrog,8,"(('delta', 1.0), ('dt0', 1.0))",1019,True,0.011049263065220612,0.011594961592174874,2142.0,False,999,0.0758723229955649,0,4558c11ae4b20f8b5c450565577e576e520b64b3,b34e9e17430177c01de1818b604139dcb3350654,0.012132372338467812,,,0.9867270351102746,0.011513093650576893,1326.0,True,0.9529365817543941
phase3,FA1,leapfrog,8,"(('delta', 1.0), ('dt0', 1.0))",1020,True,0.010997049484009449,0.010787798054773775,2490.0,False,999,0.0859037129994249,0,46f3575fb67a9d5935c435bb5586a6f7f7e13e68,a2ac81e6d28b3ddb1c7001ce22d8e4a6328c7e3d,0.011583237429375153,,,0.9867846155675206,0.011513093650576893,2346.0,True,1.0193970473096756
phase3,FA1,leapfrog,8,"(('delta', 1.0), ('dt0', 1.0))",1021,True,0.011227298522045575,0.011501604389819467,1527.0,False,999,0.06733596499543637,0,520cac7e470cfa22727db405e4f4da6a4a601b75,93a6a9f8a6b2c2ef810f7565623cd62c839089d6,0.011854748839902087,,,0.9870282265485011,0.011513093650576893,1518.0,True,0.9761506431209988
phase3,FA1,leapfrog,8,"(('delta', 1.0), ('dt0', 1.0))",1022,True,0.01100879910321035,0.011670067588613659,933.0,False,999,0.07167748700885568,0,9bb3019c044d28bf02a8b763d2e1261f131f4fca,4cf856f24412efe1f263a20386b8384e1ebb9ab6,0.013005647579575277,,,0.9854685898047145,0.011513093650576893,927.0,True,0.9433363619891542
phase3,FA1,leapfrog,8,"(('delta', 1.0), ('dt0', 1.0))",1023,True,0.01285230521133897,0.009939191655264721,2376.0,False,999,0.06211705500027165,0,761860403da1f61a01035e21fde94a26b5b45573,a8d594372ff16957809c21fd6e8282c328249889,0.01160755118450224,,,0.9867485910208083,0.011513093650576893,3000.0,False,1.2930936093310157
phase3,FA1,leapfrog,8,"(('delta', 1.0), ('dt0', 1.0))",1024,True,0.012351216735219536,0.01112095198970345,2262.0,False,999,0.05698153800040018,0,7fb5bdc2943a7384136bb43662252d8701f78414,ae34e8983d9a40254d5a895b7ec4c5499c4e5bc0,0.012201697530448682,,,0.9864094312209473,0.011513093650576893,3000.0,False,1.1106258480978204
phase3,FA1,leapfrog,8,"(('delta', 1.0), ('dt0', 1.0))",1025,True,0.011287152346096379,0.010889206617801645,576.0,False,999,0.11154680600157008,0,e666cc034378689a699d679b6050c6e5773a3197,4121370bc0277432acbcd84be116fe427596c8cb,0.011836811929979906,,,0.9864710956631447,0.011513093650576893,471.0,True,1.0365449699194955
phase3,FA1,leapfrog,8,"(('delta', 1.0), ('dt0', 1.0))",1026,True,0.009952162662705205,0.01188454140707697,2880.0,False,999,0.06825404400296975,0,bd7dcfb91b919e5701edf253511443d524e03568,ca155cd74e32ecf6d1cb670ebe3678b1075df125,0.013077534020494757,,,0.9856794299253798,0.011513093650576893,561.0,True,0.8374040126427531
phase3,FA1,leapfrog,8,"(('delta', 1.0), ('dt0', 1.0))",1027,True,0.009429394668510623,0.011906563520226822,2493.0,False,999,0.06359793100273237,0,e74ad1e1b1cc5d9e0bb0d70981db288fff3709d4,bb4642a0ece9dd84b4f6a49b550560530242d953,0.012564142557876981,,,0.985434768642839,0.011513093650576893,672.0,True,0.7919493019536665
phase3,FA1,leapfrog,8,"(('delta', 1.0), ('dt0', 1.0))",1028,True,0.011344391665501264,0.0115716944955764,2526.0,False,999,0.062415392996626906,0,103a6ed98d27640e03081a1764cbcf76f7aedd72,63e789003b0557068b5b01dde9880184524906f5,0.012540197460324452,,,0.9860597097575436,0.011513093650576893,669.0,True,0.9803569969668635
phase3,FA1,leapfrog,8,"(('delta', 1.0), ('dt0', 1.0))",1029,True,0.009097662147955233,0.011337915055191519,2943.0,False,999,0.06253040498995688,0,ecbbb90002b0bebd2b345a86e9e47b37de7a4448,f6cdedb5156150b6869b53f93347f37eaa3574aa,0.011377461678912983,,,0.987398433941773,0.011513093650576893,651.0,True,0.8024105052533008
phase3,FA2,sgd,6,"(('B', 1), ('eta', 0.003))",1000,True,0.054685528944169066,0.03864003728900351,1215.0000000033103,False,1000,12.333231409997097,0,2d47906d61bde4887ce1d82d850faeb2b1f8def1,0de78ef534330ca6e746868c36fbdb840e62bc5e,0.05062217189246408,,,0.948524193166201,0.049731389989886174,3000.0,False,1.415255594479768
phase3,FA2,sgd,6,"(('B', 1), ('eta', 0.003))",1001,True,0.04375254980826911,0.04385990038781413,2136.0000000234136,False,1000,12.150711148002301,0,189f684ba1b9c0e130cfce7e49e122f5395f4c2f,eb417e87c3e56f22a4a2f76f8f1a3942ecfc1fb0,0.051508078453558065,,,0.9479746939983293,0.049731389989886174,566.9999999995568,True,0.9975524208081685
phase3,FA2,sgd,6,"(('B', 1), ('eta', 0.003))",1002,True,0.05056933775782287,0.04045233641497219,1950.0000000193538,False,1000,12.347187798004597,0,10abb623dfaea8fe91a2998060fd35e94dfa6aa6,a2a351cefae0db15365f50dc25d123b200274871,0.05223051960208567,,,0.9474821971511463,0.049731389989886174,3000.0,False,1.250096835917398
phase3,FA2,sgd,6,"(('B', 1), ('eta', 0.003))",1003,True,0.051557703155490804,0.042762635630966724,2955.0000000412906,False,1000,12.336864332988625,0,f8d2c33a2a3f883cd7c37f05f6d90899ee3d0512,dd9238eb8608c5e2a49c9922bce1ca05463df45d,0.05175150824467616,,,0.9502203692414525,0.049731389989886174,3000.0,False,1.2056717831993289
phase3,FA2,sgd,6,"(('B', 1), ('eta', 0.003))",1004,True,0.04730923077079462,0.041960690354993946,2991.0000000420764,False,1000,12.118861916998867,0,b4d0dc265fef52ec2305293bb7084d9b11441ab0,a0e7c6db87114dfdc03e3ca1449307bc0003b063,0.051302369695000564,,,0.948580110495939,0.049731389989886174,1485.0000000092039,True,1.1274655009379302
phase3,FA2,sgd,6,"(('B', 1), ('eta', 0.003))",1005,True,0.05146920111593763,0.04163769231326329,1614.0000000120197,False,1000,12.223335264003254,0,8f25f2a7de4b1f9e103a817f2dc5c5390ef60fc6,36867e24b8936cda98f3524e38272e4057c8ac26,0.05115030193988991,,,0.9499486713716888,0.049731389989886174,3000.0,False,1.2361204057301372
phase3,FA2,sgd,6,"(('B', 1), ('eta', 0.003))",1006,True,0.0482859100400872,0.043165922033935225,527.9999999995923,False,1000,11.491367021008045,0,2153cccbb1a1e3263581bc4550d7465a8d44a2de,e1d0f36df4a5b13597a9e5a1684152750ab22a27,0.04857960921928041,,,0.9519318635768828,0.049731389989886174,527.9999999995923,True,1.1186118068351896
phase3,FA2,sgd,6,"(('B', 1), ('eta', 0.003))",1007,True,0.045726802647847224,0.04114032803975697,1671.0000000132638,False,1000,11.475848884001607,0,bace4d660fe2a49c75f2c576fd43feb3223094bc,88471ccc787caa6aed2dc71708a27a8fee5617c3,0.05057948560237268,,,0.9500018243241354,0.049731389989886174,563.9999999995596,True,1.1114836664320713
phase3,FA2,sgd,6,"(('B', 1), ('eta', 0.003))",1008,True,0.04560740728656526,0.046810394898206396,2331.00000002767,False,1000,11.105892231993494,0,2de241c2a37fe34e038b11fe5636cae1372c4469,668f32e185ecde85698bfe0361690d72a227ed57,0.05627520642473883,,,0.9457746609450519,0.049731389989886174,1512.0000000097932,True,0.9743008446252772
phase3,FA2,sgd,6,"(('B', 1), ('eta', 0.003))",1009,True,0.05410702216612763,0.04457901725091561,2958.000000041356,False,1000,11.457148532004794,0,4253e2fa03c6da0b483f9b317dc0a579bce51909,49c5b2c983940a7b8fc8ed6e5ef2984eff302a41,0.05486821335466005,,,0.9462599598711816,0.049731389989886174,3000.0,False,1.21373295112324
phase3,FA2,sgd,6,"(('B', 1), ('eta', 0.003))",1010,True,0.04247248242988287,0.04311193874943646,638.9999999994914,False,1000,11.372608214005595,0,ca3f1c318972d9bb44fcb3f18ac18ce7924ef620,28162b9dc56a6b047737ad81d647e90bd2dcb616,0.0485309191393654,,,0.9513849594418006,0.049731389989886174,353.99999999975057,True,0.9851675350702722
phase3,FA2,sgd,6,"(('B', 1), ('eta', 0.003))",1011,True,0.049903388436320056,0.04080826545408465,821.9999999993249,False,1000,11.054777805999038,0,5c1926b7364f93c392c66bc3a41b31e276a1ef22,ccd4461bd284384f0241d8548b0af9682e3e215a,0.04902785541373524,,,0.9505285903710775,0.049731389989886174,3000.0,False,1.2228745299765011
phase3,FA2,sgd,6,"(('B', 1), ('eta', 0.003))",1012,True,0.04464807432935526,0.04214069772285101,1167.0000000022626,False,1000,11.13777039400884,0,7579cb7194afb6d4b36e8779fba6f4734e177f1b,e06e4b77a00c09d0e6de4e19fef58fbf11d9743e,0.04782135635171406,,,0.9509728065010897,0.049731389989886174,803.9999999993413,True,1.0595001208331825
phase3,FA2,sgd,6,"(('B', 1), ('eta', 0.003))",1013,True,0.046080472865382756,0.04922082275341917,1068.0000000001016,False,1000,12.376755356002832,0,2ff19125329f4bc6f5c51ef7f02cfa3bf7ee814e,36d82cfc0d6e92827744f9e1ee25371ed7668dbc,0.055729626636392464,,,0.9471969268196226,0.049731389989886174,641.9999999994886,True,0.9361987526342544
phase3,FA2,sgd,6,"(('B', 1), ('eta', 0.003))",1014,True,0.051412094637657814,0.04267647624867924,2274.000000026426,False,1000,10.928954001996317,0,22f2d9cd102a5e7068233ab3ab48d8fb243ef227,db33af91719e1f7e05d27f8140a63185963c627c,0.05246187009262032,,,0.9493620105142815,0.049731389989886174,3000.0,False,1.2046939943699997
phase3,FA2,sgd,6,"(('B', 1), ('eta', 0.003))",1015,True,0.049215361542655336,0.0449550541834639,1599.0000000116922,False,1000,12.27772020699922,0,bbc1779df8d4f7227bb586db8cbf81d8551ad20f,15b51b54519f2e241ebc15b38be850412055dc97,0.05293281448274368,,,0.9468499687928355,0.049731389989886174,917.9999999992376,True,1.094768150913686
phase3,FA2,sgd,6,"(('B', 1), ('eta', 0.003))",1016,True,0.05163501340042081,0.04011098669464585,1152.0000000019352,False,1000,11.107082126007299,0,d44c4afc4ce95ab48e69811d0eb1116661d2f16f,ef63210d974de10acd3cdea54e83d334525e872e,0.04760270035560403,,,0.9532687267885656,0.049731389989886174,3000.0,False,1.2873034960098158
phase3,FA2,sgd,6,"(('B', 1), ('eta', 0.003))",1017,True,0.13028263959000946,0.11437731258961895,167.9999999999197,False,1000,12.471046682010638,0,0dd0f91921d6820d3584d58e768183db56a3aeb1,ae7e22e697de870ac845f5e9e4cbd871a8670262,0.11204036917291078,,,0.8884517191809456,0.049731389989886174,3000.0,False,1.1390601566016696
phase3,FA2,sgd,6,"(('B', 1), ('eta', 0.003))",1018,True,0.04570263109766664,0.04074806505788629,995.9999999991667,False,1000,11.09037204500055,0,374d178cd599ecc0ac0875a7e0f351c27abbfccb,7073a96c9a7ad009078603541b7f728c4679b06f,0.05016642178225869,,,0.9483978035818474,0.049731389989886174,398.99999999970964,True,1.121590216191663
phase3,FA2,sgd,6,"(('B', 1), ('eta', 0.003))",1019,True,0.04519410366930312,0.0448061295793345,1959.0000000195503,False,1000,12.175831574000767,0,8d4342f510e573219a8d326758bc5de574bc0f77,eb6536ef60fb37b76d9d13e0e9554db630cd5d68,0.048639027125083424,,,0.9530612214994822,0.049731389989886174,290.99999999980787,True,1.0086589512107194
phase3,FA2,sgd,6,"(('B', 1), ('eta', 0.003))",1020,True,0.0495593915434523,0.03853933413472179,1932.000000018961,False,1000,11.236338364004041,0,e226bcfbdd713c6017587b27eeb9a0948144add8,b902682fdfe9d36a34fb811b450cbf983c69e252,0.04940759929492304,,,0.9495367457997104,0.049731389989886174,1932.000000018961,True,1.2859431190535815
phase3,FA2,sgd,6,"(('B', 1), ('eta', 0.003))",1021,True,0.055300040397822964,0.04172231542559999,2859.000000039195,False,1000,12.694748645997606,0,fc57ea60dedf5d132bb314de4fbca40d0844f645,dfd55dc2d43600567b34e709a6852dd0f52bf6f3,0.05672758561983675,,,0.9419709429767904,0.049731389989886174,3000.0,False,1.3254307636985063
phase3,FA2,sgd,6,"(('B', 1), ('eta', 0.003))",1022,True,0.050671949400147194,0.042099301507560236,1707.0000000140496,False,1000,10.837347381006111,0,97856470138adbe7eb6041a4ba9ed210d65dfb1a,788408bc4d0271e7f9e246375fe4895b2daf6784,0.04971742422284624,,,0.9504601280686844,0.049731389989886174,3000.0,False,1.203629219146248
phase3,FA2,sgd,6,"(('B', 1), ('eta', 0.003))",1023,True,0.045514830342141696,0.04149547369278935,1935.0000000190264,False,1000,11.635034193997853,0,ee15e2a65323a9f0163fecef42d787480910dc5c,063c0bb8b7702e826c26b81428e07eca1d198463,0.049443055111523894,,,0.9502976629467326,0.049731389989886174,392.9999999997151,True,1.096862532022397
phase3,FA2,sgd,6,"(('B', 1), ('eta', 0.003))",1024,True,0.05147893804370652,0.03865029688872985,2490.0000000311406,False,1000,10.598914135989617,0,ec61d8bfc4addedb4f6e3f282a8cba211e30a822,d842a823f3086a3eee446eda64786cd64bffe5d3,0.049776224265860466,,,0.9493949406710409,0.049731389989886174,3000.0,False,1.3319157209040071
phase3,FA2,sgd,6,"(('B', 1), ('eta', 0.003))",1025,True,0.04115581965183845,0.04011743677201814,1491.0000000093348,False,1000,10.16821721100132,0,5eaa0cd25658453bbfc1566ab02bc44857864e4e,c4fb391d43ca4a80235e4852bbb15edd5b832479,0.051720605913271135,,,0.9501396110996059,0.049731389989886174,515.9999999996032,True,1.0258835798937327
phase3,FA2,sgd,6,"(('B', 1), ('eta', 0.003))",1026,True,0.05634429681166202,0.039254869545825466,1362.000000006519,False,1000,10.890576367004542,0,6e90ce6c4d757ecaf7111a6373dc3fcf5890af8a,25fa5382828aa6833763bc5c64178078351b3171,0.05173840597660064,,,0.9491050679447843,0.049731389989886174,3000.0,False,1.4353454097175549
phase3,FA2,sgd,6,"(('B', 1), ('eta', 0.003))",1027,True,0.054172680623263345,0.04225476648201268,1512.0000000097932,False,1000,10.319739968996146,0,dd5f91139affa6ee803475ca0c9ab5fedcbf163a,6dbce8b1c3d4c230a2c3fc761c53fc93908ab38c,0.05545461847967287,,,0.9460241867688992,0.049731389989886174,3000.0,False,1.2820489883981248
phase3,FA2,sgd,6,"(('B', 1), ('eta', 0.003))",1028,True,0.05786209406976317,0.03929838175356975,1983.0000000200741,False,1000,10.421598882006947,0,3acad2b558c51b6b5e0dfd11fc152d1842212b93,4b247e32ccffc4418b90ab573c70c27aae8e01c3,0.05322246794390978,,,0.9477992308889887,0.049731389989886174,3000.0,False,1.4723785430301375
phase3,FA2,sgd,6,"(('B', 1), ('eta', 0.003))",1029,True,0.0469834888368665,0.047575728359821004,1503.0000000095968,False,1000,10.221369641003548,0,df968b6e653ad4e2d8ba1cb9479c441e188e8b37,9a4cdbca375be7d413745e04032cc544b79a4a17,0.053492987301857316,,,0.9477969229081963,0.049731389989886174,683.9999999994504,True,0.9875516456947263
phase3,FA2,scg,6,"(('lambda_0', 1e-06), ('sigma', 0.0001))",1000,True,0.048694759020573464,0.03213792047708723,2395.0,False,433,0.07430721100536175,0,2d47906d61bde4887ce1d82d850faeb2b1f8def1,0de78ef534330ca6e746868c36fbdb840e62bc5e,0.044870271807262906,,,0.9543730867763387,0.049731389989886174,1849.0,True,1.5151807676943643
phase3,FA2,scg,6,"(('lambda_0', 1e-06), ('sigma', 0.0001))",1001,True,0.0352816661846468,0.035444060661159384,2837.0,False,431,0.07003582100151107,1,189f684ba1b9c0e130cfce7e49e122f5395f4c2f,eb417e87c3e56f22a4a2f76f8f1a3942ecfc1fb0,0.0419493502314934,,,0.9576294078931236,0.049731389989886174,457.0,True,0.995418288043657
phase3,FA2,scg,6,"(('lambda_0', 1e-06), ('sigma', 0.0001))",1002,True,0.04177794272874377,0.03392836870019111,2535.0,False,430,0.06199251100770198,1,10abb623dfaea8fe91a2998060fd35e94dfa6aa6,a2a351cefae0db15365f50dc25d123b200274871,0.04207956469297248,,,0.9576889853030897,0.049731389989886174,855.0,True,1.2313572484994968
phase3,FA2,scg,6,"(('lambda_0', 1e-06), ('sigma', 0.0001))",1003,True,0.04723961462825858,0.03418979406432621,2882.0,False,430,0.05178717800299637,0,f8d2c33a2a3f883cd7c37f05f6d90899ee3d0512,dd9238eb8608c5e2a49c9922bce1ca05463df45d,0.04488806891122097,,,0.9568222923030522,0.049731389989886174,887.0,True,1.3816876035983094
phase3,FA2,scg,6,"(('lambda_0', 1e-06), ('sigma', 0.0001))",1004,True,0.04926524036623057,0.03579715027606634,3004.0,False,430,0.07405912499234546,1,b4d0dc265fef52ec2305293bb7084d9b11441ab0,a0e7c6db87114dfdc03e3ca1449307bc0003b063,0.04951526656689654,,,0.9503713073924135,0.049731389989886174,2934.0,True,1.3762335824583465
phase3,FA2,scg,6,"(('lambda_0', 1e-06), ('sigma', 0.0001))",1005,True,0.04617638360085602,0.03319290513625281,2796.0,False,432,0.0863016660005087,1,8f25f2a7de4b1f9e103a817f2dc5c5390ef60fc6,36867e24b8936cda98f3524e38272e4057c8ac26,0.042711069953206,,,0.9582065849619635,0.049731389989886174,1067.0,True,1.3911522179606641
phase3,FA2,scg,6,"(('lambda_0', 1e-06), ('sigma', 0.0001))",1006,True,0.045913923199674044,0.038416389468063875,809.0,False,429,0.10738156200386584,0,2153cccbb1a1e3263581bc4550d7465a8d44a2de,e1d0f36df4a5b13597a9e5a1684152750ab22a27,0.044557487084144795,,,0.9559116386020265,0.049731389989886174,613.0,True,1.1951649760798833
phase3,FA2,scg,6,"(('lambda_0', 1e-06), ('sigma', 0.0001))",1007,True,0.04193781650533717,0.03518499715174425,1409.0,False,431,0.09871812100755051,1,bace4d660fe2a49c75f2c576fd43feb3223094bc,88471ccc787caa6aed2dc71708a27a8fee5617c3,0.0455885297228369,,,0.9549354191577651,0.049731389989886174,471.0,True,1.1919232599186997
phase3,FA2,scg,6,"(('lambda_0', 1e-06), ('sigma', 0.0001))",1008,True,0.043581742289349294,0.03714993480023313,2963.0,False,428,0.08058536700264085,2,2de241c2a37fe34e038b11fe5636cae1372c4469,668f32e185ecde85698bfe0361690d72a227ed57,0.04844182581837184,,,0.9533227046807027,0.049731389989886174,1143.0,True,1.1731310572603157
phase3,FA2,scg,6,"(('lambda_0', 1e-06), ('sigma', 0.0001))",1009,True,0.044911030655912614,0.03682745296155114,2505.0,False,431,0.06539624700963032,0,4253e2fa03c6da0b483f9b317dc0a579bce51909,49c5b2c983940a7b8fc8ed6e5ef2984eff302a41,0.05238782438052571,,,0.9486893483067673,0.049731389989886174,1336.0,True,1.2194986903601763
phase3,FA2,scg,6,"(('lambda_0', 1e-06), ('sigma', 0.0001))",1010,True,0.03898080959452693,0.03469745020345165,2386.0,False,431,0.06968279700959101,0,ca3f1c318972d9bb44fcb3f18ac18ce7924ef620,28162b9dc56a6b047737ad81d647e90bd2dcb616,0.0430847734167011,,,0.9568405452804464,0.049731389989886174,517.0,True,1.123448823067961
phase3,FA2,scg,6,"(('lambda_0', 1e-06), ('sigma', 0.0001))",1011,True,0.04813319494564901,0.03135393626581756,2696.0,False,433,0.055861615008325316,0,5c1926b7364f93c392c66bc3a41b31e276a1ef22,ccd4461bd284384f0241d8548b0af9682e3e215a,0.04290767318654913,,,0.9567041417879146,0.049731389989886174,764.0,True,1.535156368807332
phase3,FA2,scg,6,"(('lambda_0', 1e-06), ('sigma', 0.0001))",1012,True,0.043544910432368994,0.03243695604557741,2555.0,False,429,0.04883778099610936,1,7579cb7194afb6d4b36e8779fba6f4734e177f1b,e06e4b77a00c09d0e6de4e19fef58fbf11d9743e,0.04070298494457278,,,0.95827067086546,0.049731389989886174,637.0,True,1.342447496342866
phase3,FA2,scg,6,"(('lambda_0', 1e-06), ('sigma', 0.0001))",1013,True,0.04345419288458025,0.03649288933899185,2484.0,False,428,0.05668725799478125,1,2ff19125329f4bc6f5c51ef7f02cfa3bf7ee814e,36d82cfc0d6e92827744f9e1ee25371ed7668dbc,0.04705077448504777,,,0.9554200227369721,0.049731389989886174,643.0,True,1.1907578071147795
phase3,FA2,scg,6,"(('lambda_0', 1e-06), ('sigma', 0.0001))",1014,True,0.045623248011597936,0.035220804673757725,2929.0,False,429,0.05810782800836023,0,22f2d9cd102a5e7068233ab3ab48d8fb243ef227,db33af91719e1f7e05d27f8140a63185963c627c,0.04392726039220134,,,0.9575999074003729,0.049731389989886174,1347.0,True,1.295349394603436
phase3,FA2,scg,6,"(('lambda_0', 1e-06), ('sigma', 0.0001))",1015,True,0.039893021820177385,0.03495380283856203,2793.0,False,429,0.06405139299749862,1,bbc1779df8d4f7227bb586db8cbf81d8551ad20f,15b51b54519f2e241ebc15b38be850412055dc97,0.04338765787450331,,,0.9564342951991073,0.049731389989886174,469.0,True,1.1413070561857799
phase3,FA2,scg,6,"(('lambda_0', 1e-06), ('sigma', 0.0001))",1016,True,0.04661257624484474,0.03327432100477035,2950.0,False,429,0.05483033299969975,0,d44c4afc4ce95ab48e69811d0eb1116661d2f16f,ef63210d974de10acd3cdea54e83d334525e872e,0.04452041225589109,,,0.9562945897381048,0.049731389989886174,1305.0,True,1.400857322923649
phase3,FA2,scg,6,"(('lambda_0', 1e-06), ('sigma', 0.0001))",1017,True,0.0460982347104332,0.032870050122094284,2995.0,False,431,0.07837752699560951,0,0dd0f91921d6820d3584d58e768183db56a3aeb1,ae7e22e697de870ac845f5e9e4cbd871a8670262,0.04377829538861855,,,0.9564139816403796,0.049731389989886174,1161.0,True,1.402438832286639
phase3,FA2,scg,6,"(('lambda_0', 1e-06), ('sigma', 0.0001))",1018,True,0.04155951832666978,0.033055349076718296,2989.0,False,429,0.06545626900333446,1,374d178cd599ecc0ac0875a7e0f351c27abbfccb,7073a96c9a7ad009078603541b7f728c4679b06f,0.04390533401643042,,,0.9548380851328394,0.049731389989886174,679.0,True,1.2572705927326353
phase3,FA2,scg,6,"(('lambda_0', 1e-06), ('sigma', 0.0001))",1019,True,0.039416170509551963,0.035575374464605146,2396.0,False,428,0.06945383900892921,2,8d4342f510e573219a8d326758bc5de574bc0f77,eb6536ef60fb37b76d9d13e0e9554db630cd5d68,0.04408015302990947,,,0.9574607334554844,0.049731389989886174,660.0,True,1.1079622098923547
phase3,FA2,scg,6,"(('lambda_0', 1e-06), ('sigma', 0.0001))",1020,True,0.04718422936580284,0.03134072974664856,2596.0,False,431,0.0623429400002351,0,e226bcfbdd713c6017587b27eeb9a0948144add8,b902682fdfe9d36a34fb811b450cbf983c69e252,0.042367255774523764,,,0.9567275150294912,0.049731389989886174,1420.0,True,1.5055242729582108
phase3,FA2,scg,6,"(('lambda_0', 1e-06), ('sigma', 0.0001))",1021,True,0.05200236376941856,0.0327257968860699,2976.0,False,430,0.06285825300437864,1,fc57ea60dedf5d132bb314de4fbca40d0844f645,dfd55dc2d43600567b34e709a6852dd0f52bf6f3,0.046517519720143535,,,0.952415253092059,0.049731389989886174,3000.0,False,1.5890327728445306
phase3,FA2,scg,6,"(('lambda_0', 1e-06), ('sigma', 0.0001))",1022,True,0.049503521881259276,0.03291648351664546,2894.0,False,429,0.06330133799929172,2,97856470138adbe7eb6041a4ba9ed210d65dfb1a,788408bc4d0271e7f9e246375fe4895b2daf6784,0.041213046030357144,,,0.958934135181824,0.049731389989886174,2880.0,True,1.5039128300635747
phase3,FA2,scg,6,"(('lambda_0', 1e-06), ('sigma', 0.0001))",1023,True,0.03710360922347328,0.034758452724980016,2588.0,False,430,0.06007623000186868,0,ee15e2a65323a9f0163fecef42d787480910dc5c,063c0bb8b7702e826c26b81428e07eca1d198463,0.0433943203811994,,,0.956378117555257,0.049731389989886174,474.0,True,1.0674701062515322
phase3,FA2,scg,6,"(('lambda_0', 1e-06), ('sigma', 0.0001))",1024,True,0.04434856295673617,0.03277031495344786,2877.0,False,429,0.05670665200159419,1,ec61d8bfc4addedb4f6e3f282a8cba211e30a822,d842a823f3086a3eee446eda64786cd64bffe5d3,0.043109791246010117,,,0.956172377960784,0.049731389989886174,1106.0,True,1.353315127417478
phase3,FA2,scg,6,"(('lambda_0', 1e-06), ('sigma', 0.0001))",1025,True,0.04581594011486276,0.04015207770118979,2822.0,False,430,0.06115312200563494,1,5eaa0cd25658453bbfc1566ab02bc44857864e4e,c4fb391d43ca4a80235e4852bbb15edd5b832479,0.05214272473540526,,,0.9497326744780767,0.049731389989886174,1898.0,True,1.141060257350148
phase3,FA2,scg,6,"(('lambda_0', 1e-06), ('sigma', 0.0001))",1026,True,0.04641939765312577,0.0334218644324215,2740.0,False,429,0.050844365992816165,0,6e90ce6c4d757ecaf7111a6373dc3fcf5890af8a,25fa5382828aa6833763bc5c64178078351b3171,0.04353163796046331,,,0.9571780437678726,0.049731389989886174,1543.0,True,1.388893122554102
phase3,FA2,scg,6,"(('lambda_0', 1e-06), ('sigma', 0.0001))",1027,True,0.04906806910970198,0.03268822493496291,2986.0,False,429,0.06468989899440203,0,dd5f91139affa6ee803475ca0c9ab5fedcbf163a,6dbce8b1c3d4c230a2c3fc761c53fc93908ab38c,0.04370016888933236,,,0.9574651811011416,0.049731389989886174,2202.0,True,1.501093106380928
phase3,FA2,scg,6,"(('lambda_0', 1e-06), ('sigma', 0.0001))",1028,True,0.05039516774074954,0.03188335641359735,2965.0,False,429,0.05974660100764595,2,3acad2b558c51b6b5e0dfd11fc152d1842212b93,4b247e32ccffc4418b90ab573c70c27aae8e01c3,0.047010218017573636,,,0.953892225757365,0.049731389989886174,3000.0,False,1.5806104942971884
phase3,FA2,scg,6,"(('lambda_0', 1e-06), ('sigma', 0.0001))",1029,True,0.04253113649499689,0.03619434744572779,2037.0,False,429,0.05456956700072624,1,df968b6e653ad4e2d8ba1cb9479c441e188e8b37,9a4cdbca375be7d413745e04032cc544b79a4a17,0.04706158533077538,,,0.9540732404189424,0.049731389989886174,735.0,True,1.1750767591202163
phase3,FA2,leapfrog,6,"(('delta', 0.1), ('dt0', 0.5))",1000,True,0.05194379153285063,0.03193017346429325,3000.0,False,999,0.08082276800996624,0,2d47906d61bde4887ce1d82d850faeb2b1f8def1,0de78ef534330ca6e746868c36fbdb840e62bc5e,0.04891181581580112,,,0.9502633907495512,0.049731389989886174,3000.0,False,1.6267932772409812
phase3,FA2,leapfrog,6,"(('delta', 0.1), ('dt0', 0.5))",1001,True,0.03766743952767995,0.03549034793607104,1560.0,False,999,0.06973555299919099,0,189f684ba1b9c0e130cfce7e49e122f5395f4c2f,eb417e87c3e56f22a4a2f76f8f1a3942ecfc1fb0,0.043800659602751285,,,0.955759508268926,0.049731389989886174,393.0,True,1.061343202256865
phase3,FA2,leapfrog,6,"(('delta', 0.1), ('dt0', 0.5))",1002,True,0.04026478790568296,0.03417317452325849,2877.0,False,999,0.07000198400055524,0,10abb623dfaea8fe91a2998060fd35e94dfa6aa6,a2a351cefae0db15365f50dc25d123b200274871,0.041316673103064486,,,0.9584560730215169,0.049731389989886174,552.0,True,1.1782571700583004
phase3,FA2,leapfrog,6,"(('delta', 0.1), ('dt0', 0.5))",1003,True,0.04717284149615624,0.03468597836923239,1392.0,False,999,0.07492772401019465,0,f8d2c33a2a3f883cd7c37f05f6d90899ee3d0512,dd9238eb8608c5e2a49c9922bce1ca05463df45d,0.04519181833733566,,,0.9565301165812621,0.049731389989886174,1053.0,True,1.359997431642295
phase3,FA2,leapfrog,6,"(('delta', 0.1), ('dt0', 0.5))",1004,True,0.05318967088080078,0.03597980332442277,2856.0,False,999,0.07717504899483174,0,b4d0dc265fef52ec2305293bb7084d9b11441ab0,a0e7c6db87114dfdc03e3ca1449307bc0003b063,0.05589956581812064,,,0.9439723834438616,0.049731389989886174,3000.0,False,1.4783202231874377
phase3,FA2,leapfrog,6,"(('delta', 0.1), ('dt0', 0.5))",1005,True,0.045608820298848565,0.03321596947229817,2796.0,False,999,0.0731370770081412,0,8f25f2a7de4b1f9e103a817f2dc5c5390ef60fc6,36867e24b8936cda98f3524e38272e4057c8ac26,0.04362931489729079,,,0.9573080686734051,0.049731389989886174,822.0,True,1.3730991755904016
phase3,FA2,leapfrog,6,"(('delta', 0.1), ('dt0', 0.5))",1006,True,0.044290395671125256,0.03879587435134559,729.0,False,999,0.06899424600123893,0,2153cccbb1a1e3263581bc4550d7465a8d44a2de,e1d0f36df4a5b13597a9e5a1684152750ab22a27,0.04560071489993984,,,0.9548793944614103,0.049731389989886174,528.0,True,1.141626433522798
phase3,FA2,leapfrog,6,"(('delta', 0.1), ('dt0', 0.5))",1007,True,0.04302844212844582,0.034223613119954664,2247.0,False,999,0.07434791799460072,0,bace4d660fe2a49c75f2c576fd43feb3223094bc,88471ccc787caa6aed2dc71708a27a8fee5617c3,0.04569922627680681,,,0.9548259948390678,0.049731389989886174,498.0,True,1.257273508136911
phase3,FA2,leapfrog,6,"(('delta', 0.1), ('dt0', 0.5))",1008,True,0.0411666421302355,0.03759403925112587,1086.0,False,999,0.06801991800602991,0,2de241c2a37fe34e038b11fe5636cae1372c4469,668f32e185ecde85698bfe0361690d72a227ed57,0.04657607962347078,,,0.9551204896456373,0.049731389989886174,669.0,True,1.095031099351811
phase3,FA2,leapfrog,6,"(('delta', 0.1), ('dt0', 0.5))",1009,True,0.04573560842196137,0.03616167266657159,2811.0,False,999,0.06928893100121059,0,4253e2fa03c6da0b483f9b317dc0a579bce51909,49c5b2c983940a7b8fc8ed6e5ef2984eff302a41,0.04958184019435365,,,0.9514376372257268,0.049731389989886174,780.0,True,1.2647536756296143
phase3,FA2,leapfrog,6,"(('delta', 0.1), ('dt0', 0.5))",1010,True,0.039661374731504925,0.03409104581642874,2643.0,False,999,0.07031151998671703,0,ca3f1c318972d9bb44fcb3f18ac18ce7924ef620,28162b9dc56a6b047737ad81d647e90bd2dcb616,0.04471778783217087,,,0.9552047002676576,0.049731389989886174,504.0,True,1.163395659525112
phase3,FA2,leapfrog,6,"(('delta', 0.1), ('dt0', 0.5))",1011,True,0.047583183266589196,0.031200497797564165,2814.0,False,999,0.06780838999839034,0,5c1926b7364f93c392c66bc3a41b31e276a1ef22,ccd4461bd284384f0241d8548b0af9682e3e215a,0.04312781135871498,,,0.9564820120292646,0.049731389989886174,573.0,True,1.5250776950842122
phase3,FA2,leapfrog,6,"(('delta', 0.1), ('dt0', 0.5))",1012,True,0.044994533225315936,0.03334257777106354,2838.0,False,999,0.07387759900302626,0,7579cb7194afb6d4b36e8779fba6f4734e177f1b,e06e4b77a00c09d0e6de4e19fef58fbf11d9743e,0.04107202816778237,,,0.9578923220503263,0.049731389989886174,726.0,True,1.3494617463069873
phase3,FA2,leapfrog,6,"(('delta', 0.1), ('dt0', 0.5))",1013,True,0.04044937288314823,0.03680808097937907,2766.0,False,999,0.09157447300094645,0,2ff19125329f4bc6f5c51ef7f02cfa3bf7ee814e,36d82cfc0d6e92827744f9e1ee25371ed7668dbc,0.04917860702177265,,,0.9534039299702766,0.049731389989886174,708.0,True,1.0989264261239025
phase3,FA2,leapfrog,6,"(('delta', 0.1), ('dt0', 0.5))",1014,True,0.04509817335330817,0.03519540269675534,2643.0,False,999,0.07087293299264275,0,22f2d9cd102a5e7068233ab3ab48d8fb243ef227,db33af91719e1f7e05d27f8140a63185963c627c,0.044183932528349956,,,0.9573521586848082,0.049731389989886174,975.0,True,1.281365459627651
phase3,FA2,leapfrog,6,"(('delta', 0.1), ('dt0', 0.5))",1015,True,0.04016126615933863,0.03503601685962549,2370.0,False,999,0.07003999799781013,0,bbc1779df8d4f7227bb586db8cbf81d8551ad20f,15b51b54519f2e241ebc15b38be850412055dc97,0.04264821449814416,,,0.9571767729780327,0.049731389989886174,375.0,True,1.1462851590763825
phase3,FA2,leapfrog,6,"(('delta', 0.1), ('dt0', 0.5))",1016,True,0.045666800880842205,0.03360989875721005,2502.0,False,999,0.07471997299580835,0,d44c4afc4ce95ab48e69811d0eb1116661d2f16f,ef63210d974de10acd3cdea54e83d334525e872e,0.045076817372074134,,,0.9557483703155436,0.049731389989886174,651.0,True,1.3587306885607826
phase3,FA2,leapfrog,6,"(('delta', 0.1), ('dt0', 0.5))",1017,True,0.041736136153185006,0.03422117452594261,2757.0,False,999,0.06510078800783958,0,0dd0f91921d6820d3584d58e768183db56a3aeb1,ae7e22e697de870ac845f5e9e4cbd871a8670262,0.042538431173518416,,,0.9576484002938029,0.049731389989886174,666.0,True,1.2195997574994222
phase3,FA2,leapfrog,6,"(('delta', 0.1), ('dt0', 0.5))",1018,True,0.04146462328530291,0.03292480945260238,2415.0,False,999,0.06965703699097503,0,374d178cd599ecc0ac0875a7e0f351c27abbfccb,7073a96c9a7ad009078603541b7f728c4679b06f,0.043784517528594684,,,0.9549623594166006,0.049731389989886174,408.0,True,1.2593732196079739
phase3,FA2,leapfrog,6,"(('delta', 0.1), ('dt0', 0.5))",1019,True,0.04112687284654219,0.03589674618659321,3000.0,False,999,0.07300413699704222,0,8d4342f510e573219a8d326758bc5de574bc0f77,eb6536ef60fb37b76d9d13e0e9554db630cd5d68,0.04367636079964651,,,0.9578504105353282,0.049731389989886174,543.0,True,1.1456991849000047
phase3,FA2,leapfrog,6,"(('delta', 0.1), ('dt0', 0.5))",1020,True,0.046845243329831865,0.03251296573772595,1707.0,False,999,0.09202166598697659,0,e226bcfbdd713c6017587b27eeb9a0948144add8,b902682fdfe9d36a34fb811b450cbf983c69e252,0.04453956575002173,,,0.9545087909453471,0.049731389989886174,747.0,True,1.44081729448248
phase3,FA2,leapfrog,6,"(('delta', 0.1), ('dt0', 0.5))",1021,True,0.0451683196790874,0.031478959373701126,1686.0,False,999,0.06769725598860532,0,fc57ea60dedf5d132bb314de4fbca40d0844f645,dfd55dc2d43600567b34e709a6852dd0f52bf6f3,0.04263559977953834,,,0.9563862338967513,0.049731389989886174,924.0,True,1.4348733432663265
phase3,FA2,leapfrog,6,"(('delta', 0.1), ('dt0', 0.5))",1022,True,0.04849924824922947,0.033327486754605784,2931.0,False,999,0.07821637799497694,0,97856470138adbe7eb6041a4ba9ed210d65dfb1a,788408bc4d0271e7f9e246375fe4895b2daf6784,0.04357769959491573,,,0.9565779263359054,0.049731389989886174,2145.0,True,1.4552326914518086
phase3,FA2,leapfrog,6,"(('delta', 0.1), ('dt0', 0.5))",1023,True,0.03549820804383694,0.03585643292261077,915.0,False,999,0.06897969299461693,0,ee15e2a65323a9f0163fecef42d787480910dc5c,063c0bb8b7702e826c26b81428e07eca1d198463,0.04426968411621207,,,0.9554981633674814,0.049731389989886174,477.0,True,0.9900094669331164
phase3,FA2,leapfrog,6,"(('delta', 0.1), ('dt0', 0.5))",1024,True,0.04466480150033472,0.03265704017123715,3000.0,False,999,0.07066929400025401,0,ec61d8bfc4addedb4f6e3f282a8cba211e30a822,d842a823f3086a3eee446eda64786cd64bffe5d3,0.04294540723091591,,,0.9563394991709454,0.049731389989886174,894.0,True,1.3676928853972954
phase3,FA2,leapfrog,6,"(('delta', 0.1), ('dt0', 0.5))",1025,True,0.03463998646191717,0.03748086887221733,1671.0,False,999,0.06780558299215045,0,5eaa0cd25658453bbfc1566ab02bc44857864e4e,c4fb391d43ca4a80235e4852bbb15edd5b832479,0.04440425184398521,,,0.9571928204111768,0.049731389989886174,396.0,True,0.9242044676182531
phase3,FA2,leapfrog,6,"(('delta', 0.1), ('dt0', 0.5))",1026,True,0.04887150330987435,0.03263785849808535,2826.0,False,999,0.07703756898990832,0,6e90ce6c4d757ecaf7111a6373dc3fcf5890af8a,25fa5382828aa6833763bc5c64178078351b3171,0.04591716694341633,,,0.95483140526575,0.049731389989886174,2157.0,True,1.4973869475149948
phase3,FA2,leapfrog,6,"(('delta', 0.1), ('dt0', 0.5))",1027,True,0.05069489192456231,0.0342031803510744,903.0,False,999,0.0809855799889192,0,dd5f91139affa6ee803475ca0c9ab5fedcbf163a,6dbce8b1c3d4c230a2c3fc761c53fc93908ab38c,0.04460887507434428,,,0.9565807073337831,0.049731389989886174,3000.0,False,1.4821689504955602
phase3,FA2,leapfrog,6,"(('delta', 0.1), ('dt0', 0.5))",1028,True,0.05068878574031119,0.03192637242896901,2976.0,False,999,0.07105595299799461,0,3acad2b558c51b6b5e0dfd11fc152d1842212b93,4b247e32ccffc4418b90ab573c70c27aae8e01c3,0.046608889135285624,,,0.9542858504262544,0.049731389989886174,3000.0,False,1.5876775807550796
phase3,FA2,leapfrog,6,"(('delta', 0.1), ('dt0', 0.5))",1029,True,0.04083458128580783,0.0360911536480015,2742.0,False,999,0.06680889800190926,0,df968b6e653ad4e2d8ba1cb9479c441e188e8b37,9a4cdbca375be7d413745e04032cc544b79a4a17,0.04321676493048701,,,0.9578253482350154,0.049731389989886174,435.0,True,1.131429094344536
phase3,FA3,sgd,1,"(('B', 64), ('eta', 0.1))",1000,True,0.5832190085066804,0.5486812422996684,6.000000000000001,False,1001,0.12079934700159356,0,a5967cdea8506e2781ab5c29997ec396d62b0ec1,2ff8210b3b9af470e23a6df8ae16be337f346edd,0.38228287924087606,,,0.595475545340411,0.5388276139964285,3000.0,False,1.062946868863705
phase3,FA3,sgd,1,"(('B', 64), ('eta', 0.1))",1001,True,0.4909039136269289,0.530741285751536,1629.0000000000234,False,1001,0.11017431400250643,0,f992384ddb617c36739437ed92f44f42382a130c,f7652f991c997f8f3bd46c62ef370c6fd34cf424,0.34802899177794877,,,0.6343451046016404,0.5388276139964285,69.00000000000003,True,0.9249401295996845
phase3,FA3,sgd,1,"(('B', 64), ('eta', 0.1))",1002,True,0.46460021558106745,0.5304247549799443,117.00000000000048,False,1001,0.11244766500021797,0,2e3b34cd47d0e904f25c5f02c66b5900dbd38068,e01a0cf83923bfb44b764f7d7b77eb08b7e77302,0.3659138833749052,,,0.6030967042764765,0.5388276139964285,35.999999999999986,True,0.8759022108586056
phase3,FA3,sgd,1,"(('B', 64), ('eta', 0.1))",1003,True,0.4969008977438566,0.5431478540640455,678.0000000000105,False,1001,0.14520964700204786,0,46fba57f3cb5c3b0908b16708c9d8806c511b3c5,e220f6ac194170b8453b62e48072cce6847335ba,0.3833125965859186,,,0.5831594115537305,0.5388276139964285,72.00000000000006,True,0.9148538358862122
phase3,FA3,sgd,1,"(('B', 64), ('eta', 0.1))",1004,True,0.4676357781745805,0.5519588635878575,66.0,False,1001,0.11948284300160594,0,c371a289aa6290f0832c2912167201a18a3b6ae4,36cd3e05ce54c0a54eed4bf54a927e14dbb70085,0.37264500340258233,,,0.6126110403230046,0.5388276139964285,20.999999999999993,True,0.8472294024501068
phase3,FA3,sgd,1,"(('B', 64), ('eta', 0.1))",1005,True,0.5485974806555087,0.48704713805538036,1476.0000000000234,False,1001,0.1075450899952557,0,d55f0aaef00ac694edf5bcfa8f48b72ec7129c98,87d01366e53883faff2974fa801f3b9cfad0705d,0.3555194757281635,,,0.6148242514448483,0.5388276139964285,3000.0,False,1.1263745083194179
phase3,FA3,sgd,1,"(('B', 64), ('eta', 0.1))",1006,True,0.5222069115162854,0.5585215765256449,41.999999999999986,False,1001,0.1248433830041904,0,1d53a2e20ad1f7500cb00460b899d5bd82bbf90e,af23356e7281b7935956efbdee1dd32a206e404f,0.35143621259445873,,,0.6285700093956348,0.5388276139964285,41.999999999999986,True,0.9349807303143782
phase3,FA3,sgd,1,"(('B', 64), ('eta', 0.1))",1007,True,0.5628526282984111,0.5060762861147073,1518.0000000000234,False,1001,0.11950458500359673,0,abc034ebe308d7e25ac1273ef27e44c2eaa920b0,f9a1b3f6107a1da0eec6325f994a1450672f24da,0.36618777989833823,,,0.6170130650783092,0.5388276139964285,3000.0,False,1.1121892958462685
phase3,FA3,sgd,1,"(('B', 64), ('eta', 0.1))",1008,True,0.5971772940035274,0.5279809506401117,2666.999999999836,False,1001,0.10715854099544231,0,e65cb54aad2742a529d28e8e807f5171f2256af0,9e1c7c6d72f6987d35d09ab0e0903d9e44324aad,0.3831022057784272,,,0.616610059451752,0.5388276139964285,3000.0,False,1.1310584089814673
phase3,FA3,sgd,1,"(('B', 64), ('eta', 0.1))",1009,True,0.5197953911854067,0.524840120469083,3002.999999999734,False,1001,0.14037912400090136,0,60cb542133767d3c93538e23b8597a28a5bfa5dd,a46d37dc03234abef25fd21280e9f23cbafaa6a9,0.3514809410019123,,,0.636684358173913,0.5388276139964285,549.0000000000056,True,0.9903880646945065
phase3,FA3,sgd,1,"(('B', 64), ('eta', 0.1))",1010,True,0.4781552336523919,0.49951202557592533,1260.0000000000234,False,1001,0.1298096950049512,0,a44ca635e59d0a068168803af0ac09a4ecd08d5d,d71c37c61f826125ab7ba3a9ad8cf94aa043a233,0.3566151533687133,,,0.6055665661751395,0.5388276139964285,9.000000000000002,True,0.9572446891565631
phase3,FA3,sgd,1,"(('B', 64), ('eta', 0.1))",1011,True,0.5972601181770126,0.5438800848306132,882.0000000000182,False,1001,0.1275197159993695,0,092d3efd3d8f857591db5a66a1e4ab3068d2cc86,06e359778bb6034ee7c085f120f143dbcfec68cb,0.3921721053067545,,,0.6203960348583,0.5388276139964285,3000.0,False,1.0981466960001378
phase3,FA3,sgd,1,"(('B', 64), ('eta', 0.1))",1012,True,0.5573892600876954,0.5329961575825175,1401.0000000000234,False,1001,0.12893083300150465,0,2d58637b3ae584caadb984fce29350d6bd63e162,cc2cb57ead63d778ab0e438e7398d4d951dd7fa3,0.35939524710514587,,,0.6386487487828744,0.5388276139964285,3000.0,False,1.0457660006702796
phase3,FA3,sgd,1,"(('B', 64), ('eta', 0.1))",1013,True,0.3947848582438107,0.5514752247128374,1008.000000000023,False,1001,0.14654917400912382,0,89d4e3acf44923f27ca5f971c5a10a77be4a8daa,33ee05937c0bf1ae23f09dab3013f31d4d10b5c8,0.35177450511409825,,,0.607531997510781,0.5388276139964285,9.000000000000002,True,0.7158705242821778
phase3,FA3,sgd,1,"(('B', 64), ('eta', 0.1))",1014,True,0.5110566374409048,0.5250277989449834,32.999999999999986,False,1001,0.13142974000948016,0,a2d4f1fa7df9d81acd63be57297473f6b52b51d0,92a3ecb1aba898029ff2d509cf9a30749c335329,0.3620551054333979,,,0.6071646399632818,0.5388276139964285,12.0,True,0.9733896728284618
phase3,FA3,sgd,1,"(('B', 64), ('eta', 0.1))",1015,True,0.5599292286786245,0.5601778049749547,1677.0000000000234,False,1001,0.11750280500564259,0,32478722c9569d9ecaf165bafa3e5aec5dba1e81,ce7e4a33b63491b9cdf3c54e2911b6106378d158,0.37676118693892796,,,0.6206834291707772,0.5388276139964285,3000.0,False,0.999556254649644
phase3,FA3,sgd,1,"(('B', 64), ('eta', 0.1))",1016,True,0.6056399252413235,0.5364670229906475,6.000000000000001,False,1001,0.1204334329959238,0,bb3801395993e201cdc5ca4fba45d23406132d69,089e73b59de702f0a860dad02070cc3770f57357,0.40239366924839515,,,0.558018189826804,0.5388276139964285,3000.0,False,1.1289415738269561
phase3,FA3,sgd,1,"(('B', 64), ('eta', 0.1))",1017,True,0.5284381687229349,0.5520145600858577,846.0000000000168,False,1001,0.13342200699844398,0,115d98898e15044c37ed6febf0d937d98c7eda83,65ea3cf413388a93a9c116b0c6cf062476f9f680,0.4315274007962581,,,0.5351192402384983,0.5388276139964285,846.0000000000168,True,0.9572902726347366
phase3,FA3,sgd,1,"(('B', 64), ('eta', 0.1))",1018,True,0.6290417441600961,0.5525343551025924,287.99999999999994,False,1001,0.1298212769906968,0,bb05bed5b981c7b5d9bc5794a900ebd4438e742f,bed23f324e0bd18769e8899e05833704ade76ce7,0.3876283445480243,,,0.6135765152194416,0.5388276139964285,3000.0,False,1.138466302323044
phase3,FA3,sgd,1,"(('B', 64), ('eta', 0.1))",1019,True,0.5028369476584192,0.5063961771125591,2504.999999999885,False,1001,0.11778988099831622,0,395f53c028650e45c4632963413aa3f8708932e8,6037c8044cd25da84237ccda1d91c03d9bf350bb,0.3448437743651512,,,0.63512106484293,0.5388276139964285,126.00000000000057,True,0.9929714527577314
phase3,FA3,sgd,1,"(('B', 64), ('eta', 0.1))",1020,True,0.629865068351488,0.5317558853816566,2357.9999999999295,False,1001,0.11625987000297755,0,8fb0b4dd6d4b18413803b17843e9e78b692f9380,9c987fad40fde5daa013c7222f613b7983ca2cad,0.39389299003318384,,,0.6115096818965786,0.5388276139964285,3000.0,False,1.1845004177046683
phase3,FA3,sgd,1,"(('B', 64), ('eta', 0.1))",1021,True,0.4257111549785479,0.573780340338334,2297.9999999999477,False,1001,0.13593514800595585,0,bf5cc4d8456759a552d2a9233420765a98f8de7f,f62aa2d51196b47bcfce5ea47f9973eb20da4dfe,0.36505673872593924,,,0.6045174477428561,0.5388276139964285,12.0,True,0.7419409921356386
phase3,FA3,sgd,1,"(('B', 64), ('eta', 0.1))",1022,True,0.45831866180012637,0.5400192392141552,804.0000000000152,False,1001,0.1120250749954721,0,907c50fcbfd6178f1dd47f7767b101f402d031f9,072f051afd18cbc659fc2f2e318984a27d831b89,0.36843094237955054,,,0.6119863149226615,0.5388276139964285,38.999999999999986,True,0.8487080246753416
phase3,FA3,sgd,1,"(('B', 64), ('eta', 0.1))",1023,True,0.6243951729339959,0.6454546034668233,1878.0000000000234,False,1001,0.14140468600089662,0,c73494316a27d6fef165e8d621eb504daacf74a3,bb972e0230a973e0e7feda29dfc1dbf46e783045,0.43100094170199466,,,0.582411063205234,0.5388276139964285,3000.0,False,0.9673727161914807
phase3,FA3,sgd,1,"(('B', 64), ('eta', 0.1))",1024,True,0.4365869358151766,0.5134675505765401,567.0000000000063,False,1001,0.12800532799155917,0,7c232cea3873d40544c993d4ad3df64debf2f564,33a44daff931b41f5502765cc10f9ff52724360f,0.33843785504654583,,,0.6248145298816576,0.5388276139964285,9.000000000000002,True,0.8502717169273127
phase3,FA3,sgd,1,"(('B', 64), ('eta', 0.1))",1025,True,0.4983930191301331,0.5143919946899694,1986.0000000000234,False,1001,0.14816005900502205,0,4f18281b64d8db08f0e3ac7047072c16dc654b7e,71047653c48511b394969bb5e05a0c2b01ed1542,0.34484839528521555,,,0.636139190165113,0.5388276139964285,114.00000000000045,True,0.968897308424329
phase3,FA3,sgd,1,"(('B', 64), ('eta', 0.1))",1026,True,0.5240729143329776,0.5294214398061696,1140.0000000000234,False,1001,0.11803330499969888,0,43a0a68865a6c2e68674607d494552ef071aabb3,48d273091a4f4d46b59d50e0d76cde05e2798820,0.352216241124596,,,0.6251757509576994,0.5388276139964285,12.0,True,0.9898974142884162
phase3,FA3,sgd,1,"(('B', 64), ('eta', 0.1))",1027,True,0.5031185902223415,0.5210992100377813,414.00000000000233,False,1001,0.1511452169943368,0,9ffafae522506a7d70fcacb596d9abf8535b2946,c101aa21842f5f7f52d2a7306190a336ef459000,0.332476976529913,,,0.6382180666291807,0.5388276139964285,50.999999999999986,True,0.9654948242693823
phase3,FA3,sgd,1,"(('B', 64), ('eta', 0.1))",1028,True,0.3809732521599244,0.5636643471800988,6.000000000000001,False,1001,0.12525313599326182,0,7270c1af64e9432967bbf2638af6348b10e3f889,d036a83276b26bd943880c33e28b1d4abd024045,0.38241672745020283,,,0.5736506938459403,0.5388276139964285,3.0,True,0.6758867295152836
phase3,FA3,sgd,1,"(('B', 64), ('eta', 0.1))",1029,True,0.5249503237002312,0.5667014006621355,1338.0000000000234,False,1001,0.10629133600741625,0,d99082ebaa59ccb26ba1c1d0f5cb2d16ed3787fc,396525cda8e525046e049c31f00eb2df01529388,0.3895120657275376,,,0.5941073994803876,0.5388276139964285,1338.0000000000234,True,0.9263261447507943
phase3,FA3,scg,1,"(('lambda_0', 1e-08), ('sigma', 1e-06))",1000,True,0.6147118880483707,0.5111001767190956,17.0,False,432,0.03064002400788013,0,a5967cdea8506e2781ab5c29997ec396d62b0ec1,2ff8210b3b9af470e23a6df8ae16be337f346edd,0.33546573449579975,,,0.6450165553493572,0.5388276139964285,3000.0,False,1.202722902571448
phase3,FA3,scg,1,"(('lambda_0', 1e-08), ('sigma', 1e-06))",1001,True,0.5147838029776163,0.5071385418972358,137.0,False,433,0.02796468700398691,0,f992384ddb617c36739437ed92f44f42382a130c,f7652f991c997f8f3bd46c62ef370c6fd34cf424,0.3396614141460377,,,0.6431364576096285,0.5388276139964285,67.0,True,1.0150752909683793
phase3,FA3,scg,1,"(('lambda_0', 1e-08), ('sigma', 1e-06))",1002,True,0.48152438522659585,0.5161057742064535,87.0,False,432,0.02883559899055399,0,2e3b34cd47d0e904f25c5f02c66b5900dbd38068,e01a0cf83923bfb44b764f7d7b77eb08b7e77302,0.3517329260489845,,,0.6184786532948083,0.5388276139964285,52.0,True,0.9329955394646983
phase3,FA3,scg,1,"(('lambda_0', 1e-08), ('sigma', 1e-06))",1003,True,0.5180725153013179,0.486829052269361,136.0,False,431,0.028463951995945536,0,46fba57f3cb5c3b0908b16708c9d8806c511b3c5,e220f6ac194170b8453b62e48072cce6847335ba,0.3168851181375721,,,0.6553972389876226,0.5388276139964285,87.0,True,1.0641774826015724
phase3,FA3,scg,1,"(('lambda_0', 1e-08), ('sigma', 1e-06))",1004,True,0.48986903972986706,0.5545525196285386,52.0,False,430,0.038217483001062647,1,c371a289aa6290f0832c2912167201a18a3b6ae4,36cd3e05ce54c0a54eed4bf54a927e14dbb70085,0.3831930964464868,,,0.6016456047112467,0.5388276139964285,31.0,True,0.8833591452402036
phase3,FA3,scg,1,"(('lambda_0', 1e-08), ('sigma', 1e-06))",1005,True,0.571033201092754,0.4689425931242751,130.0,False,430,0.02942001199699007,0,d55f0aaef00ac694edf5bcfa8f48b72ec7129c98,87d01366e53883faff2974fa801f3b9cfad0705d,0.3235290012005455,,,0.6494832668126347,0.5388276139964285,3000.0,False,1.2177038500348458
phase3,FA3,scg,1,"(('lambda_0', 1e-08), ('sigma', 1e-06))",1006,True,0.5220439985810056,0.5251861091288891,52.0,False,431,0.0403608239867026,0,1d53a2e20ad1f7500cb00460b899d5bd82bbf90e,af23356e7281b7935956efbdee1dd32a206e404f,0.36160267364858806,,,0.6178251618287384,0.5388276139964285,52.0,True,0.9940171484103126
phase3,FA3,scg,1,"(('lambda_0', 1e-08), ('sigma', 1e-06))",1007,True,0.5672461712627966,0.4884893171918948,199.0,False,430,0.0376338600035524,0,abc034ebe308d7e25ac1273ef27e44c2eaa920b0,f9a1b3f6107a1da0eec6325f994a1450672f24da,0.32995454493807536,,,0.6549085284484442,0.5388276139964285,3000.0,False,1.161225335537816
phase3,FA3,scg,1,"(('lambda_0', 1e-08), ('sigma', 1e-06))",1008,True,0.626804819739127,0.5332561647341443,68.0,False,430,0.029003449002630077,0,e65cb54aad2742a529d28e8e807f5171f2256af0,9e1c7c6d72f6987d35d09ab0e0903d9e44324aad,0.37211152552878135,,,0.6276089944198622,0.5388276139964285,3000.0,False,1.1754291111695288
phase3,FA3,scg,1,"(('lambda_0', 1e-08), ('sigma', 1e-06))",1009,True,0.5413649185964434,0.506127174412172,1280.0,False,432,0.03222352200828027,1,60cb542133767d3c93538e23b8597a28a5bfa5dd,a46d37dc03234abef25fd21280e9f23cbafaa6a9,0.3449614295941206,,,0.6434233877917421,0.5388276139964285,3000.0,False,1.0696223122680526
phase3,FA3,scg,1,"(('lambda_0', 1e-08), ('sigma', 1e-06))",1010,True,0.5020644403653545,0.4916784420394384,39.0,False,432,0.0295851419941755,0,a44ca635e59d0a068168803af0ac09a4ecd08d5d,d71c37c61f826125ab7ba3a9ad8cf94aa043a233,0.336499520499176,,,0.6278154192352011,0.5388276139964285,32.0,True,1.0211235584843539
phase3,FA3,scg,1,"(('lambda_0', 1e-08), ('sigma', 1e-06))",1011,True,0.6437769799006747,0.5185258053592552,322.0,False,430,0.03178241100977175,1,092d3efd3d8f857591db5a66a1e4ab3068d2cc86,06e359778bb6034ee7c085f120f143dbcfec68cb,0.3395202948747438,,,0.6713604857751923,0.5388276139964285,3000.0,False,1.2415524420325437
phase3,FA3,scg,1,"(('lambda_0', 1e-08), ('sigma', 1e-06))",1012,True,0.5906230695972478,0.5200529352761019,67.0,False,432,0.02906993101350963,0,2d58637b3ae584caadb984fce29350d6bd63e162,cc2cb57ead63d778ab0e438e7398d4d951dd7fa3,0.369578012748748,,,0.6284105635653334,0.5388276139964285,3000.0,False,1.1356979829056815
phase3,FA3,scg,1,"(('lambda_0', 1e-08), ('sigma', 1e-06))",1013,True,0.4393844195601787,0.489809649551042,279.0,False,431,0.028695960994809866,1,89d4e3acf44923f27ca5f971c5a10a77be4a8daa,33ee05937c0bf1ae23f09dab3013f31d4d10b5c8,0.3088003121260552,,,0.6554774723402687,0.5388276139964285,41.0,True,0.8970513748818895
phase3,FA3,scg,1,"(('lambda_0', 1e-08), ('sigma', 1e-06))",1014,True,0.5181513848029611,0.5259528584420787,46.0,False,433,0.02948574599577114,0,a2d4f1fa7df9d81acd63be57297473f6b52b51d0,92a3ecb1aba898029ff2d509cf9a30749c335329,0.37342191892525795,,,0.5948314724328865,0.5388276139964285,32.0,True,0.9851669716897702
phase3,FA3,scg,1,"(('lambda_0', 1e-08), ('sigma', 1e-06))",1015,True,0.584462812052922,0.5249663344040674,182.0,False,432,0.032209343000431545,1,32478722c9569d9ecaf165bafa3e5aec5dba1e81,ce7e4a33b63491b9cdf3c54e2911b6106378d158,0.3464257606338317,,,0.6512246055965669,0.5388276139964285,3000.0,False,1.113333891622582
phase3,FA3,scg,1,"(('lambda_0', 1e-08), ('sigma', 1e-06))",1016,True,0.6043727209916568,0.5737872606160472,10.0,False,431,0.028714205996948294,0,bb3801395993e201cdc5ca4fba45d23406132d69,089e73b59de702f0a860dad02070cc3770f57357,0.4462571907421013,,,0.5098393040442055,0.5388276139964285,3000.0,False,1.0533045302239221
phase3,FA3,scg,1,"(('lambda_0', 1e-08), ('sigma', 1e-06))",1017,True,0.5915972554851977,0.4772026618770819,139.0,False,431,0.029738623998127878,1,115d98898e15044c37ed6febf0d937d98c7eda83,65ea3cf413388a93a9c116b0c6cf062476f9f680,0.3296750737317155,,,0.6448438767317369,0.5388276139964285,3000.0,False,1.2397191020648197
phase3,FA3,scg,1,"(('lambda_0', 1e-08), ('sigma', 1e-06))",1018,True,0.6954638887191105,0.4889878499384105,276.0,False,429,0.028190411001560278,0,bb05bed5b981c7b5d9bc5794a900ebd4438e742f,bed23f324e0bd18769e8899e05833704ade76ce7,0.353456195718542,,,0.647642447236166,0.5388276139964285,3000.0,False,1.4222518796872075
phase3,FA3,scg,1,"(('lambda_0', 1e-08), ('sigma', 1e-06))",1019,True,0.5192330124259276,0.4959105609683626,136.0,False,429,0.027772345012635924,0,395f53c028650e45c4632963413aa3f8708932e8,6037c8044cd25da84237ccda1d91c03d9bf350bb,0.326490338102739,,,0.6545408217813602,0.5388276139964285,38.0,True,1.0470295518853707
phase3,FA3,scg,1,"(('lambda_0', 1e-08), ('sigma', 1e-06))",1020,True,0.6368528202824696,0.5119840502291529,434.0,False,432,0.03303871100069955,1,8fb0b4dd6d4b18413803b17843e9e78b692f9380,9c987fad40fde5daa013c7222f613b7983ca2cad,0.36859448984327153,,,0.636461185566371,0.5388276139964285,3000.0,False,1.243891914205976
phase3,FA3,scg,1,"(('lambda_0', 1e-08), ('sigma', 1e-06))",1021,True,0.45093174266923447,0.5983253038852248,25.0,False,432,0.039758126993547194,0,bf5cc4d8456759a552d2a9233420765a98f8de7f,f62aa2d51196b47bcfce5ea47f9973eb20da4dfe,0.40372540111237604,,,0.5626259287797213,0.5388276139964285,25.0,True,0.7536564804147671
phase3,FA3,scg,1,"(('lambda_0', 1e-08), ('sigma', 1e-06))",1022,True,0.47156207655766685,0.5185115761559698,211.0,False,433,0.054182185005629435,2,907c50fcbfd6178f1dd47f7767b101f402d031f9,072f051afd18cbc659fc2f2e318984a27d831b89,0.33702786508742877,,,0.6450585201619601,0.5388276139964285,81.0,True,0.9094533241738457
phase3,FA3,scg,1,"(('lambda_0', 1e-08), ('sigma', 1e-06))",1023,True,0.6594467677978404,0.559501049611258,54.0,False,432,0.028764324000803754,0,c73494316a27d6fef165e8d621eb504daacf74a3,bb972e0230a973e0e7feda29dfc1dbf46e783045,0.39695376596458654,,,0.6153987496378992,0.5388276139964285,3000.0,False,1.1786336562836206
phase3,FA3,scg,1,"(('lambda_0', 1e-08), ('sigma', 1e-06))",1024,True,0.454342885434341,0.4937928685043593,130.0,False,430,0.03181852799025364,0,7c232cea3873d40544c993d4ad3df64debf2f564,33a44daff931b41f5502765cc10f9ff52724360f,0.3128591634721424,,,0.6531705582639873,0.5388276139964285,25.0,True,0.9201082364969999
phase3,FA3,scg,1,"(('lambda_0', 1e-08), ('sigma', 1e-06))",1025,True,0.5242761088109889,0.49870325590787723,314.0,False,435,0.028378350005368702,0,4f18281b64d8db08f0e3ac7047072c16dc654b7e,71047653c48511b394969bb5e05a0c2b01ed1542,0.3180922375287235,,,0.6643704864751775,0.5388276139964285,160.0,True,1.0512786964996987
phase3,FA3,scg,1,"(('lambda_0', 1e-08), ('sigma', 1e-06))",1026,True,0.5362903093964136,0.4870340698030594,172.0,False,429,0.028733180995914154,0,43a0a68865a6c2e68674607d494552ef071aabb3,48d273091a4f4d46b59d50e0d76cde05e2798820,0.3276036590404078,,,0.6513681620947951,0.5388276139964285,25.0,True,1.1011351004936305
phase3,FA3,scg,1,"(('lambda_0', 1e-08), ('sigma', 1e-06))",1027,True,0.5485206711040221,0.5535221463917933,24.0,False,430,0.027399389000493102,0,9ffafae522506a7d70fcacb596d9abf8535b2946,c101aa21842f5f7f52d2a7306190a336ef459000,0.368606548584769,,,0.59890398670013,0.5388276139964285,3000.0,False,0.990964272485981
phase3,FA3,scg,1,"(('lambda_0', 1e-08), ('sigma', 1e-06))",1028,True,0.3802160944973864,0.5283568152239186,25.0,False,432,0.028465923998737708,0,7270c1af64e9432967bbf2638af6348b10e3f889,d036a83276b26bd943880c33e28b1d4abd024045,0.33783371747129737,,,0.6233554635548988,0.5388276139964285,18.0,True,0.7196199302099474
phase3,FA3,scg,1,"(('lambda_0', 1e-08), ('sigma', 1e-06))",1029,True,0.5707834606081282,0.5093092064470321,69.0,False,430,0.028929174004588276,1,d99082ebaa59ccb26ba1c1d0f5cb2d16ed3787fc,396525cda8e525046e049c31f00eb2df01529388,0.36407292752843273,,,0.6206163548302719,0.5388276139964285,3000.0,False,1.1207012427478853
phase3,FA3,leapfrog,1,"(('delta', 1.0), ('dt0', 1.0))",1000,True,0.6174686657172208,0.5117761675104086,108.0,False,208,0.009042131001478992,0,a5967cdea8506e2781ab5c29997ec396d62b0ec1,2ff8210b3b9af470e23a6df8ae16be337f346edd,0.37115400907183277,,,0.6072519035834203,0.5388276139964285,3000.0,False,1.2065209459068114
phase3,FA3,leapfrog,1,"(('delta', 1.0), ('dt0', 1.0))",1001,True,0.5011539850622099,0.510553146284775,507.0,False,999,0.04882014500617515,0,f992384ddb617c36739437ed92f44f42382a130c,f7652f991c997f8f3bd46c62ef370c6fd34cf424,0.3461733222741154,,,0.6362947543559663,0.5388276139964285,147.0,True,0.9815902393492989
phase3,FA3,leapfrog,1,"(('delta', 1.0), ('dt0', 1.0))",1002,True,0.470805234534556,0.5055915195891953,105.0,False,579,0.028590568006620742,0,2e3b34cd47d0e904f25c5f02c66b5900dbd38068,e01a0cf83923bfb44b764f7d7b77eb08b7e77302,0.3225599107278921,,,0.6501223444834014,0.5388276139964285,39.0,True,0.9311968581219401
phase3,FA3,leapfrog,1,"(('delta', 1.0), ('dt0', 1.0))",1003,True,0.5151222136689267,0.4989952776540228,303.0,False,301,0.012495609000325203,0,46fba57f3cb5c3b0908b16708c9d8806c511b3c5,e220f6ac194170b8453b62e48072cce6847335ba,0.3287895558671058,,,0.6424515313002193,0.5388276139964285,243.0,True,1.0323188149008606
phase3,FA3,leapfrog,1,"(('delta', 1.0), ('dt0', 1.0))",1004,True,0.48712113625935577,0.5578621910666562,33.0,False,999,0.038557762003620155,0,c371a289aa6290f0832c2912167201a18a3b6ae4,36cd3e05ce54c0a54eed4bf54a927e14dbb70085,0.39352172853281914,,,0.5909083131810338,0.5388276139964285,27.0,True,0.8731925985662506
phase3,FA3,leapfrog,1,"(('delta', 1.0), ('dt0', 1.0))",1005,True,0.559766928167966,0.46992859751485494,1548.0,False,999,0.040518356996471994,0,d55f0aaef00ac694edf5bcfa8f48b72ec7129c98,87d01366e53883faff2974fa801f3b9cfad0705d,0.3352616736999755,,,0.636771893115696,0.5388276139964285,3000.0,False,1.1911744276219989
phase3,FA3,leapfrog,1,"(('delta', 1.0), ('dt0', 1.0))",1006,True,0.534129101408337,0.5351783855074178,33.0,False,999,0.07029664301080629,0,1d53a2e20ad1f7500cb00460b899d5bd82bbf90e,af23356e7281b7935956efbdee1dd32a206e404f,0.37483092841505905,,,0.603844330122894,0.5388276139964285,33.0,True,0.9980393750429851
phase3,FA3,leapfrog,1,"(('delta', 1.0), ('dt0', 1.0))",1007,True,0.5649643113040937,0.49047733647717523,1428.0,False,999,0.048252983004204,0,abc034ebe308d7e25ac1273ef27e44c2eaa920b0,f9a1b3f6107a1da0eec6325f994a1450672f24da,0.33924119549167636,,,0.6451958454304585,0.5388276139964285,3000.0,False,1.1518662928687324
phase3,FA3,leapfrog,1,"(('delta', 1.0), ('dt0', 1.0))",1008,True,0.6132242506485752,0.5599774358243358,1857.0,False,999,0.03926222700101789,0,e65cb54aad2742a529d28e8e807f5171f2256af0,9e1c7c6d72f6987d35d09ab0e0903d9e44324aad,0.384837818528321,,,0.6148731431433624,0.5388276139964285,3000.0,False,1.095087429274459
phase3,FA3,leapfrog,1,"(('delta', 1.0), ('dt0', 1.0))",1009,True,0.5258606753629479,0.5108704370171249,2619.0,False,999,0.045747704003588296,0,60cb542133767d3c93538e23b8597a28a5bfa5dd,a46d37dc03234abef25fd21280e9f23cbafaa6a9,0.35007609196099304,,,0.6381365098311704,0.5388276139964285,435.0,True,1.0293425441357464
phase3,FA3,leapfrog,1,"(('delta', 1.0), ('dt0', 1.0))",1010,True,0.49118205990320085,0.5366021022510399,1125.0,False,999,0.04533386199909728,0,a44ca635e59d0a068168803af0ac09a4ecd08d5d,d71c37c61f826125ab7ba3a9ad8cf94aa043a233,0.38723626381606857,,,0.57169815192749,0.5388276139964285,24.0,True,0.915356197530158
phase3,FA3,leapfrog,1,"(('delta', 1.0), ('dt0', 1.0))",1011,True,0.6221918171473472,0.5324043694942121,2979.0,False,999,0.04135121501167305,0,092d3efd3d8f857591db5a66a1e4ab3068d2cc86,06e359778bb6034ee7c085f120f143dbcfec68cb,0.375930803777291,,,0.6361168430856569,0.5388276139964285,3000.0,False,1.1686452117934978
phase3,FA3,leapfrog,1,"(('delta', 1.0), ('dt0', 1.0))",1012,True,0.5860894702619768,0.5224153358755693,1047.0,False,999,0.04102614700968843,0,2d58637b3ae584caadb984fce29350d6bd63e162,cc2cb57ead63d778ab0e438e7398d4d951dd7fa3,0.38622788170398614,,,0.6116700779077245,0.5388276139964285,3000.0,False,1.1218841217202964
phase3,FA3,leapfrog,1,"(('delta', 1.0), ('dt0', 1.0))",1013,True,0.4041425718052005,0.5496521130472439,492.0,False,427,0.0221295539959101,0,89d4e3acf44923f27ca5f971c5a10a77be4a8daa,33ee05937c0bf1ae23f09dab3013f31d4d10b5c8,0.3823379659468192,,,0.5734329361865818,0.5388276139964285,54.0,True,0.7352697501054881
phase3,FA3,leapfrog,1,"(('delta', 1.0), ('dt0', 1.0))",1014,True,0.5620718557146538,0.5591433903640348,45.0,False,839,0.03801582699816208,0,a2d4f1fa7df9d81acd63be57297473f6b52b51d0,92a3ecb1aba898029ff2d509cf9a30749c335329,0.45654654548917417,,,0.5046399736413836,0.5388276139964285,3000.0,False,1.0052374138746634
phase3,FA3,leapfrog,1,"(('delta', 1.0), ('dt0', 1.0))",1015,True,0.5545664706850254,0.5437896109175624,126.0,False,999,0.05282923199411016,0,32478722c9569d9ecaf165bafa3e5aec5dba1e81,ce7e4a33b63491b9cdf3c54e2911b6106378d158,0.36280575707103957,,,0.6347335117839664,0.5388276139964285,3000.0,False,1.019818068516018
phase3,FA3,leapfrog,1,"(('delta', 1.0), ('dt0', 1.0))",1016,True,0.6063778693522418,0.5692116083918366,6.0,False,999,0.04193835100159049,0,bb3801395993e201cdc5ca4fba45d23406132d69,089e73b59de702f0a860dad02070cc3770f57357,0.4387843637009739,,,0.5180473199131378,0.5388276139964285,3000.0,False,1.0652942779319083
phase3,FA3,leapfrog,1,"(('delta', 1.0), ('dt0', 1.0))",1017,True,0.5274529884882923,0.5077458404755251,2796.0,False,999,0.04024330399988685,0,115d98898e15044c37ed6febf0d937d98c7eda83,65ea3cf413388a93a9c116b0c6cf062476f9f680,0.35629528720671144,,,0.61616614956439,0.5388276139964285,639.0,True,1.0388130171471432
phase3,FA3,leapfrog,1,"(('delta', 1.0), ('dt0', 1.0))",1018,True,0.6473149093466258,0.5315800473958011,2259.0,False,999,0.041461039989371784,0,bb05bed5b981c7b5d9bc5794a900ebd4438e742f,bed23f324e0bd18769e8899e05833704ade76ce7,0.4024910426301314,,,0.5987600146541234,0.5388276139964285,3000.0,False,1.2177185966964097
phase3,FA3,leapfrog,1,"(('delta', 1.0), ('dt0', 1.0))",1019,True,0.5218014484591831,0.49496445448395965,201.0,False,999,0.04295832100615371,0,395f53c028650e45c4632963413aa3f8708932e8,6037c8044cd25da84237ccda1d91c03d9bf350bb,0.3198474861478984,,,0.6615696183781685,0.5388276139964285,165.0,True,1.0542200429386452
phase3,FA3,leapfrog,1,"(('delta', 1.0), ('dt0', 1.0))",1020,True,0.6248150830712756,0.5161212420640139,2964.0,False,999,0.042607006995240226,0,8fb0b4dd6d4b18413803b17843e9e78b692f9380,9c987fad40fde5daa013c7222f613b7983ca2cad,0.36271753212859315,,,0.6422575343967054,0.5388276139964285,3000.0,False,1.2105974956050745
phase3,FA3,leapfrog,1,"(('delta', 1.0), ('dt0', 1.0))",1021,True,0.45323033347078356,0.5723209184416749,1356.0,False,999,0.04125186600140296,0,bf5cc4d8456759a552d2a9233420765a98f8de7f,f62aa2d51196b47bcfce5ea47f9973eb20da4dfe,0.37719639993333226,,,0.5913660011633666,0.5388276139964285,12.0,True,0.7919164211310794
phase3,FA3,leapfrog,1,"(('delta', 1.0), ('dt0', 1.0))",1022,True,0.4743483766975358,0.5599785618973411,165.0,False,999,0.0441355679940898,0,907c50fcbfd6178f1dd47f7767b101f402d031f9,072f051afd18cbc659fc2f2e318984a27d831b89,0.3718300289378208,,,0.6084065610267126,0.5388276139964285,153.0,True,0.8470831009857418
phase3,FA3,leapfrog,1,"(('delta', 1.0), ('dt0', 1.0))",1023,True,0.6192654143503793,0.5610400028378791,846.0,False,999,0.04113318299641833,0,c73494316a27d6fef165e8d621eb504daacf74a3,bb972e0230a973e0e7feda29dfc1dbf46e783045,0.36278641173179726,,,0.6485028748187343,0.5388276139964285,3000.0,False,1.103781212066843
phase3,FA3,leapfrog,1,"(('delta', 1.0), ('dt0', 1.0))",1024,True,0.4530156284932873,0.4905889202522263,195.0,False,181,0.014169024987495504,0,7c232cea3873d40544c993d4ad3df64debf2f564,33a44daff931b41f5502765cc10f9ff52724360f,0.31523021129987616,,,0.6505420618335304,0.5388276139964285,24.0,True,0.9234118623396113
phase3,FA3,leapfrog,1,"(('delta', 1.0), ('dt0', 1.0))",1025,True,0.520604382439253,0.5003312092757548,1377.0,False,999,0.04791452099743765,0,4f18281b64d8db08f0e3ac7047072c16dc654b7e,71047653c48511b394969bb5e05a0c2b01ed1542,0.3218270931574032,,,0.6604297182644285,0.5388276139964285,219.0,True,1.040519505454885
phase3,FA3,leapfrog,1,"(('delta', 1.0), ('dt0', 1.0))",1026,True,0.5475007364486875,0.6251710282807048,24.0,False,999,0.040529278994654305,0,43a0a68865a6c2e68674607d494552ef071aabb3,48d273091a4f4d46b59d50e0d76cde05e2798820,0.46068743327881145,,,0.5097420247555497,0.5388276139964285,3000.0,False,0.8757615303357548
phase3,FA3,leapfrog,1,"(('delta', 1.0), ('dt0', 1.0))",1027,True,0.5154723574107352,0.5193467389245515,1971.0,False,999,0.03974761000426952,0,9ffafae522506a7d70fcacb596d9abf8535b2946,c101aa21842f5f7f52d2a7306190a336ef459000,0.35563136197533246,,,0.6130228232776359,0.5388276139964285,78.0,True,0.9925398944030354
phase3,FA3,leapfrog,1,"(('delta', 1.0), ('dt0', 1.0))",1028,True,0.38289194623444556,0.5190511210578052,150.0,False,999,0.03914788999827579,0,7270c1af64e9432967bbf2638af6348b10e3f889,d036a83276b26bd943880c33e28b1d4abd024045,0.3256309582588405,,,0.6369600931381418,0.5388276139964285,6.0,True,0.7376767541781382
phase3,FA3,leapfrog,1,"(('delta', 1.0), ('dt0', 1.0))",1029,True,0.511687654875801,0.5456125604545572,120.0,False,999,0.03963192300579976,0,d99082ebaa59ccb26ba1c1d0f5cb2d16ed3787fc,396525cda8e525046e049c31f00eb2df01529388,0.3521733673759889,,,0.633016338913675,0.5388276139964285,120.0,True,0.9378223522741249
